URL, ID, TAGS, "DESCRIPTION"
http://ab-initio.mit.edu/meep/,meep,lambdabot,""
http://adam.chlipala.net/cpdt/,cpdt,lambdabot,"""Certified Programming with Dependent Types"" by Adam Chlipala (aka Smerdyakov) (in progress) at  ... , ""about practical engineering with the Coq proof assistant"""
http://adrinael.net/wrong.jpg,wrong,lambdabot,""
http://agda.xelpaste.org/,agdapaste,lambdabot,""
http://ai-contest.com/profile.php?user_id=3888,jmcarthur,lambdabot,""
http://aima.cs.berkeley.edu/,aima,lambdabot,"""Artificial Intelligence: A Modern Approach"" by Stuart Russell,Peter Norvig in 1995,2003,2009-12-11 at  ... ,<https://people.eecs.berkeley.edu/~russell/aima1e.html> (1st ed.)"
http://alistair.cockburn.us/Characterizing+people+as+non-linear,characterizing,lambdabot,"+first-order+components+in+software+development"
http://andrew.bromage.org/darcs/freetheorems,free,lambdabot,""
http://antti-juhani.kaijanaho.fi/newblog,ibid,lambdabot,""
http://antti-juhani.kaijanaho.fi/planet-haskell/,planet-haskell,lambdabot,""
http://aosabook.org/,aosa,lambdabot,"The Architecture of Open Source Applications  ... "
http://aprove.informatik.rwth-aachen.de/,aprove,lambdabot,""
http://arcanux.org/lambdacats.html,\cats,lambdabot,""
http://arxiv.org/abs/cs/0509027,oohaskell,lambdabot,""
http://awesome.naquadah.org/,awesome,lambdabot,""
http://bitemyapp.com/posts/2014-12-31-functional-education.html,whycourse,lambdabot,""
http://blog.bjrn.se/2008/09/speeding-up-haskell-with-c-very-short.html,c-dct,lambdabot,""
http://blog.codeslower.com/static/CheatSheet.pdf,cheatsheet,lambdabot,""
http://blog.ezyang.com/2012/08/applicative-functors/,monoidal-applicatives,lambdabot,""
http://blog.sigfpe.com/2006/08/you-could-have-invented-monads-and.html,invented,lambdabot,""
http://bm380.user.srcf.net/prettyparsetree.cgi,lispifier,lambdabot,"Haskell Lispifier  ... -- Fully brackets an expression"
http://bnfc.digitalgrammars.com/,bnfc,lambdabot,"BNF Converter,  ... "
http://book.realworldhaskell.org/,brutal,lambdabot,""
http://book.realworldhaskell.org/read/,real,lambdabot,"<-- the comprehensive xmonad configuration syntax reference"
http://book.realworldhaskell.org/read/interfacing-with-c-the-ffi.html,rwh-ffi,lambdabot,""
http://book.realworldhaskell.org/read/monads.html#monads.do,do-notation,lambdabot,""
http://brage.info/~svein/no.jpg,no,lambdabot,""
http://braincrater.wordpress.com,pyxm,lambdabot,""
http://byorgey.wordpress.com/2009/01/12/abstraction-intuition-and-the-monad-tutorial-fallacy/,burrito,lambdabot,""
http://byorgey.wordpress.com/2010/04/03/haskell-anti-pattern-incremental-ad-hoc-parameter-abstraction/,incremental-parameter-antipattern,lambdabot,"""Haskell anti-pattern: incremental ad-hoc parameter abstraction"" by Brent Yorgey at  ... "
http://c2.com/xp/YouArentGonnaNeedIt.html,yagni,lambdabot,""
http://cale.yi.org/index.php/Fold_Diagrams,fold-diagrams,lambdabot,""
http://cale.yi.org/index.php/Main_Page,calewiki,lambdabot,""
http://canonical.org/~kragen/tao-of-programming.html,programming-tao,lambdabot,"""The Tao Of Programming"" by Geoffrey James,Duke Hillard,Anupam Trivedi,Sajitha Tampi,Meghshyam Jagannath (ed. by Kragen Javier Sitaker) in 1996-04-10 (or earlier) at  ... "
http://citeseer.ist.psu.edu/viewdoc/summary?doi=10.1.1.53.3729,stg,lambdabot,""
http://citeseerx.ist.psu.edu/viewdoc/summary?doi=10.1.1.233.3357,compos,lambdabot,"""A pattern for almost compositional functions"" by Björn Bringert,Aarne Ranta in 2008 at  ... "
http://citeseerx.ist.psu.edu/viewdoc/summary?doi=10.1.1.51.4656,expressive-power,lambdabot,"""On the Expressive Power of Programming Languages"" by Matthias Felleisen in 1990 at  ... "
http://clemens.endorphin.org/liskell,liskell,lambdabot,"a SExp syntax for Haskell, by therp :  ... (broken),<https://web.archive.org/web/20081105133119/http://clemens.endorphin.org/liskell>,<http://clemens.endorphin.org/ILC07-Liskell-draft.pdf>,<https://web.archive.org/web/20120609122549/http://www.liskell.org/>"
http://cm.bell-labs.com/who/ken/trust.html,trusting-trust,lambdabot,"the classic ""Reflections on Trusting Trust"" Turing Award lecture by Ken Thompson in 1984 at  ... ,<http://www.ece.cmu.edu/~ganger/712.fall02/papers/p761-thompson.pdf>"
http://code.google.com/p/ai-contest/issues/list,issues,lambdabot,""
http://code.google.com/p/ai-contest/wiki/HowToContribute.,commit,lambdabot,"Please read and abide by this:  ... Never commit to trunk. Always use branches, as described."
http://code.google.com/p/scalacheck/,scalacheck,lambdabot,""
http://code.google.com/p/scalaz,scalaz,lambdabot,""
http://code.google.com/p/simple-build-tool/,sbt,lambdabot,""
http://code.google.com/p/slinky2,slinky,lambdabot,"Slinky is a Scala web framework  ... "
http://code.google.com/p/xmonad/issues/list,xmonad-bugs,lambdabot,""
http://code.haskell.org/XMonadContrib,xmc,lambdabot,"darcs get  ... "
http://code.haskell.org/bzlib/,bzlib,lambdabot,""
http://code.haskell.org/hackage-server/,hackage2,lambdabot,""
http://code.haskell.org/xmonad,xm,lambdabot,"darcs get  ... "
http://code.haskell.org/zlib/,zlib,lambdabot,""
http://code.haskell.org/~arossato/xmobar/,xmobar,lambdabot,""
http://code.haskell.org/~dons/code/hs-plugins,hs-plugins,lambdabot,""
http://code.haskell.org/~shepheb/xmonad-light/,xmonad-light,lambdabot,""
http://codepad.org,codepad,lambdabot,""
http://codersbase.com/index.php/DarcsSim,darcssim,lambdabot,""
http://community.haskell.org/~ndm/catch/,catch,lambdabot,""
http://community.haskell.org/~ndm/hlint/,hlint,lambdabot,""
http://community.haskell.org/~simonmar/papers/ext-exceptions.pdf,exception,lambdabot,""
http://community.haskell.org/~simonmar/pcph/,pcph,lambdabot,"""Parallel and Concurrent Programming in Haskell"" by Simon Marlow in 2013 at  ... ,<http://chimera.labs.oreilly.com/books/1230000000929/>,<https://web.archive.org/web/20180117194842/http://chimera.labs.oreilly.com/books/1230000000929>,<https://www.oreilly.com/library/view/parallel-and-concurrent/9781449335939/>"
http://community.haskell.org/~simonmar/slides/cadarache2012/,concpar,lambdabot,""
http://community.schemewiki.org/?composable-continuations-tutorial,composable-continuations,lambdabot,""
http://community.schemewiki.org/?object-oriented-programming,object-oriented,lambdabot,""
http://comonad.com/reader/,edwardk,lambdabot,""
http://comonad.com/reader/2008/deriving-strength-from-laziness/,strength,lambdabot,""
http://comonad.com/reader/2015/free-monoids-in-haskell/,free-monoids,lambdabot,"""Free Monoids in Haskell"" by Dan Doel in 2015-02-21 at  ... "
http://conal.net,conal,lambdabot,""
http://conal.net/Pan,pan,lambdabot,""
http://conal.net/blog/posts/everything-is-a-function-in-haskell,everything-is-a-function,lambdabot,""
http://conal.net/blog/posts/semantic-editor-combinators/,sec,lambdabot,""
http://conal.net/fran/,frp,lambdabot,",<http://conal.net/papers/push-pull-frp/>,<https://stackoverflow.com/questions/5875929/specification-for-a-functional-reactive-programming-language#5878525>"
http://conal.net/papers/Eros,eros,lambdabot,""
http://conal.net/papers/type-class-morphisms/,tcm,lambdabot,""
http://conal.net/phooey/,phooey,lambdabot,""
http://conferences.oreillynet.com/pub/w/58/presentations.html,taste,lambdabot,""
http://contemplatecode.blogspot.com/,hwn,lambdabot,"Haskell Weekly News  ... For older posts, see http://sequence.complete.org/"
http://coq.inria.fr/,coq,lambdabot,""
http://cs.anu.edu.au/Student/comp1100/haskell/tourofsyntax.html,syntax,lambdabot,""
http://cvs.haskell.org/darcs/ghc,darcs-ghc,lambdabot,"darcs get  ... "
http://cvs.haskell.org/darcs/haskore/,haskore,lambdabot,""
http://cvs.haskell.org/darcs/libraries,darcs-libs,lambdabot,"darcs get  ... "
http://darcs.augustsson.net/Darcs/CReal/CReal.hs,creal,lambdabot,"and http://darcs.augustsson.net/Darcs/CReal/CRealI.hs"
http://darcs.augustsson.net/Darcs/Djinn,djinn,lambdabot,"darcs get  ... "
http://darcs.complete.org/missingpy/,missingpy,lambdabot,""
http://darcs.haskell.org/X11,x11-dev,lambdabot,"darcs get  ... "
http://darcs.haskell.org/happy/,happy-darcs,lambdabot,"darcs get  ... "
http://darcs.haskell.org/packages/X11/,x11-darcs,lambdabot,""
http://darcs.haskell.org/packages/base/,base,lambdabot,""
http://darcs.haskell.org/packages/base/Control/Applicative.hs,applicative,lambdabot,""
http://darcs.haskell.org/packages/ndp/Data/Array/Parallel/,ndp,lambdabot,"http://www.cse.unsw.edu.au/~chak/project/dph http://haskell.org/haskellwiki/GHC/Data_Parallel_Haskell"
http://darcs.haskell.org/packages/regex-dfa/,regex-dfa,lambdabot,""
http://darcs.haskell.org/packages/regex-parsec/,regex-parsec,lambdabot,""
http://darcs.haskell.org/packages/regex-pcre/,regex-pcre,lambdabot,""
http://darcs.haskell.org/packages/regex-tre/,regex-tre,lambdabot,""
http://darcs.haskell.org/~lemmih/cabal-test,cabal-test,lambdabot,""
http://darcs.haskell.org/~lemmih/conjure,conjure-alt,lambdabot,""
http://darcs.haskell.org/~lemmih/conjure/,conjure,lambdabot,""
http://darcs.haskell.org/~lemmih/hsSDL,hssdl,lambdabot,""
http://darcs.haskell.org/~lemmih/hxweb,hxweb,lambdabot,""
http://darcs.haskell.org/~sjanssen/X11-extras,x11-extras,lambdabot,""
http://darcs.haskell.org/~sjanssen/XMonadContrib/,xmonadcontrib,lambdabot,""
http://darcs.haskell.org/~sjanssen/xmonad/,xmonad-darcs,lambdabot,""
http://darcs.net/,darcs,lambdabot,"#darcs |  ... "
http://darcsden.com/,darcsden,lambdabot,""
http://darcswatch.nomeata.de/,darcswatch,lambdabot,""
http://davidmercer.nfshost.com/projects/shaskell/shaskell.html,shaskell,lambdabot,""
http://dev.stephendiehl.com/fun/,wyah,lambdabot,"""Write You a Haskell"" (unfinished) by Stephen Diehl in 2015- at  ... "
http://dev.stephendiehl.com/hask/#eightfold-path-to-monad-satori,eightfold,lambdabot,""
http://dev.stephendiehl.com/hask/,wiwik,lambdabot,""
http://dis.um.es/~alberto/GSLHaskell/,gslhaskell,lambdabot,""
http://disciple.ouroborus.net/,ddc,lambdabot,"The Disciplined Disciple Compiler at  ... "
http://dkeenan.com/Lambda/,mockingbird,lambdabot,"""To mock a mockingbird : and other logic puzzles including an amazing adventure in combinatory logic"" by R. M. Smullyan, ""To Dissect a Mockingbird: A Graphical Notation for the Lambda Calculus with Animated Reduction"" at  ... by David C. Keenan. Also see `smullyan'"
http://dl.acm.org/citation.cfm?id=70931.70934,io,lambdabot,"Raphael L. Levien's language with continuations as fundamental structure, described in his paper ""Io: a new programming notation"" (1989-09-10) at  ... and in chapter 2 of Raphael A. Finkel's book `APLD', implementations `Amalthea',`Ganymede' - (perhaps you were looking for `@wiki Introduction to IO' ?)"
http://docs.racket-lang.org/hackett/index.html,hackett,lambdabot,"""Haskell with a phased, hygienic macro system"" by lexi-lambda at  ... ,<https://lexi-lambda.github.io/tags/hackett.html>"
http://donsbot.wordpress.com,dons,lambdabot,""
http://donsbot.wordpress.com/2007/11/14/no-more-exceptions-debugging-haskell-code-with-ghci/,debugger,lambdabot,""
http://downforeveryoneorjustme.com/,down,lambdabot,""
http://dwm.suckless.org/,dwm,lambdabot,""
http://dzen.geekmode.org/dwiki/doku.php,dzen-wiki,lambdabot,""
http://elmprogramming.com/,elm,lambdabot,"""Beginning Elm: a gentle introduction to Elm programming language""  ... "
http://eloquentscience.com/wp-content/uploads/2010/02/bobsqu.gif,thwap,lambdabot,"""Bob the Angry Flower's Quick Guide to"" : ""the apostrophe"" in 2010-02 at  ... ,""its and it's"" in 2010-03 at <http://eloquentscience.com/wp-content/uploads/2010/03/angry-flower-guide-to-its.gif> )"
http://emorehouse.web.wesleyan.edu/silliness/burrito_monads.pdf,burritos,lambdabot,""
http://en.wikibooks.org/wiki/Haskell,wikibook,lambdabot,""
http://en.wikibooks.org/wiki/Haskell/Strictness,strictness,lambdabot,""
http://en.wikibooks.org/wiki/Haskell/YAHT,yaht-web,lambdabot,""
http://en.wikipedia.org/wiki/Brainfuck,bf,lambdabot,""
http://en.wikipedia.org/wiki/File:Fold-diagrams.svg,folds,lambdabot,",<https://cale.l5.ca/share/Folds.svg>"
http://en.wikipedia.org/wiki/Impredicative,impredicative,lambdabot,""
http://en.wikipedia.org/wiki/Where_Is_Love%3F,love,lambdabot,""
http://en.wikiquote.org/wiki/Rasmus_Lerdorf,lerdorf,lambdabot,""
http://enfranchisedmind.com/blog/posts/problems-with-hash-tables/,hash-tables,lambdabot,""
http://ertes.eu/tutorial/foldr.html,foldrtut,lambdabot,""
http://es.wikipedia.org/wiki/Uruguay,uy,lambdabot,""
http://examples.oreilly.com/9780596514983/rwh-examples2.zip,rwh-examples,lambdabot,""
http://existentialtype.wordpress.com/2011/03/15/boolean-blindness/,boolean-blindness,lambdabot,""
http://floating-point-gui.de/,floating-point,lambdabot,"""What Every Programmer Should Know About Floating-Point Arithmetic"" at  ... and ""What Every Computer Scientist Should Know About Floating-Point Arithmetic"" by David Goldberg in 1991 at <http://docs.sun.com/source/806-3568/ncg_goldberg.html> and <http://citeseer.ist.psu.edu/viewdoc/summary?doi=10.1.1.102.244>"
http://foldr.org/~michaelw/hmpi/,hmpi,lambdabot,""
http://functionaljava.org/,functionaljava,lambdabot,""
http://funstoo.blogspot.com/2011/02/rarr-i-am-dinosaur-hat-delightful.html,raptors,lambdabot,""
http://ghcformacosx.github.io/,ghcformac,lambdabot,""
http://github.com,github,lambdabot,""
http://github.com/DanielVF/Planet-Wars-Canvas-Visualizer,visualizer,lambdabot,""
http://github.com/data61/lets-lens,lets-lens,lambdabot,""
http://github.com/jaspervdj/BlazeHtml,blazehtml,lambdabot,""
http://github.com/jaspervdj/planet-wars-haskell,haskell-starter,lambdabot,""
http://github.com/nominolo/scion,scion,lambdabot,""
http://github.com/ulope/planetwars-python-kit,python-starter-unofficial,lambdabot,""
http://golf.shinh.org/,anagol,lambdabot,""
http://gotmor.googlepages.com/dzen,dzen,lambdabot,""
http://groups.csail.mit.edu/mac/classes/6.001/abelson-sussman-lectures/,sicpvideos,lambdabot,""
http://groups.google.com/group/bahaskell,bahaskell,lambdabot,""
http://groups.google.com/group/comp.lang.functional/about?hl=e,comp.lang.functional,lambdabot,""
http://h2.jaguarpaw.co.uk/posts/demystifying-dlist/,dlist,lambdabot,""
http://hackage.factisresearch.com/,hackagemirror,lambdabot,""
http://hackage.haskell.org/ModHackage/Hackage.hs?action=home,hackagedb,lambdabot,""
http://hackage.haskell.org/cgi-bin/hackage-scripts/package/Takusen,takusen,lambdabot,""
http://hackage.haskell.org/cgi-bin/hackage-scripts/package/X11,x11,lambdabot,""
http://hackage.haskell.org/package/Ganymede,ganymede,lambdabot,"Implementation by BMeph of the (continuation-based) `Io' language at  ... "
http://hackage.haskell.org/package/HList,hlist,lambdabot,""
http://hackage.haskell.org/package/cabal-nirvana,nirvana,lambdabot,"Hack cabal-install to use only Father Snoyman's blessed versions  ... "
http://hackage.haskell.org/package/helm,helm,lambdabot,""
http://hackage.haskell.org/package/iteratee,iteratees,lambdabot,"http://cdsmith.wordpress.com/2010/05/23/iteratees-step-by-step-part-1/"
http://hackage.haskell.org/package/pipes,pipes,lambdabot,""
http://hackage.haskell.org/package/reflection,reflection,lambdabot,""
http://hackage.haskell.org/package/uglymemo,uglymemo,lambdabot,""
http://hackage.haskell.org/packages,hackage,lambdabot,", also see `revdeps',`status'"
http://hackage.haskell.org/packages/archive/comonad/latest/doc/html/Control-Comonad.html,comonad,lambdabot,"| http://comonad.com/"
http://hackage.haskell.org/packages/archive/split/latest/doc/html/Data-List-Split.html,data.list.split,lambdabot,""
http://hackage.haskell.org/platform/,hp,lambdabot,""
http://hackage.haskell.org/trac/ghc/newticket?type=bug,trac,lambdabot,""
http://hackage.haskell.org/trac/ghc/wiki/ReportABug,bugs,lambdabot,""
http://hackage.haskell.org/trac/hackage/ticket/576,revdeps-old,lambdabot,"""Show reverse dependencies"" at  ... ,""Hackage with Reverse Dependencies"" by Roel van Dijk at <http://bifunctor.homelinux.net/~roel/hackage/packages/hackage.html>,""Reverse Dependencies"" at <http://bifunctor.homelinux.net/~roel/hackage/packages/archive/revdeps-list.html>,<http://packdeps.haskellers.com/reverse> -- `bifunctor.homelinux.net' is broken, use `81.26.216.99' instead"
http://hackage.haskell.org/trac/hackage/wiki/CabalInstall,cabal-install,lambdabot,""
http://hackage.haskell.org/trac/haskell-prime,haskell',lambdabot,""
http://hackage.haskell.org/trac/haskell-prime/ticket/114,lambda-match,lambdabot,""
http://hackage.haskell.org/trac/haskell-prime/wiki/AssociatedTypes,ats,lambdabot,""
http://hackage.haskell.org/trac/haskell-prime/wiki/HaskellExtensions,haskell-exts,lambdabot,""
http://hackage.haskell.org/trac/haskell-prime/wiki/TypeDirectedNameResolution,tdnr,lambdabot,""
http://hackage.haskell.org/trac/summer-of-code/,soc,lambdabot,""
http://hackage.haskell.org/~paolo/darcs/ByteStringParser,bytestringparser,lambdabot,""
http://halvm.org/wiki/,halvm,lambdabot,""
http://happs.org,happs,lambdabot,""
http://happstack.com/,web,lambdabot,"#haskell-web | #happs -  ... | #snapframework - http://snapframework.com/ | #yesod - http://yesodweb.com/"
http://haskell-for-readers.nomeata.de,haskell-for-readers,lambdabot,""
http://haskell.galois.com/~paolo/nymphaea,nymphaea,lambdabot,""
http://haskell.org,haskell,lambdabot,""
http://haskell.org/Blobs,blobs,lambdabot,""
http://haskell.org/HOpenGL/,hopengl,lambdabot,""
http://haskell.org/HaXml,haxml,lambdabot,""
http://haskell.org/fruit/,fruit,lambdabot,""
http://haskell.org/ghc,ghc,lambdabot,""
http://haskell.org/ghc/docs/latest/html/libraries/,lib,lambdabot,""
http://haskell.org/ghc/docs/latest/html/libraries/index.html,haskelldocs,lambdabot,""
http://haskell.org/ghc/docs/latest/html/users_guide/syntax-extns.html#pattern-guards,pattern-guard,lambdabot,""
http://haskell.org/graphics/index.html,hgl,lambdabot,""
http://haskell.org/gtk2hs/,cairo,lambdabot,""
http://haskell.org/haskellwiki/AngloHaskell,anglohaskell,lambdabot,""
http://haskell.org/haskellwiki/Cabal/FAQ,cabal-faq,lambdabot,""
http://haskell.org/haskellwiki/GHC/Data_Parallel_Haskell,dph,lambdabot,""
http://haskell.org/haskellwiki/GHC/GHCi#GHCi_on_Acid,goa,lambdabot,""
http://haskell.org/haskellwiki/Ghci/Debugger,ghci.debugger,lambdabot,""
http://haskell.org/haskellwiki/HAC,hac,lambdabot,""
http://haskell.org/haskellwiki/HIDE,hide,lambdabot,""
http://haskell.org/haskellwiki/Hac_2007,hac07,lambdabot,""
http://haskell.org/haskellwiki/Haiku,haiku,lambdabot,""
http://haskell.org/haskellwiki/Haskell/Pointfree,pointfree,lambdabot,""
http://haskell.org/haskellwiki/Haskell_Quiz,haskell-quiz,lambdabot,""
http://haskell.org/haskellwiki/Haskell_mode_for_Emacs,emacs,lambdabot,""
http://haskell.org/haskellwiki/Hpaste.el,hpaste.el,lambdabot,""
http://haskell.org/haskellwiki/Koans,haskell-koans,lambdabot,"-- in another sense, see <https://github.com/hskoans/hskoans>"
http://haskell.org/haskellwiki/Lambdabot,lambdabot,lambdabot,""
http://haskell.org/haskellwiki/Mailing_lists,mailinglist,lambdabot,""
http://haskell.org/haskellwiki/Performance,performance,lambdabot,""
http://haskell.org/haskellwiki/Software_transactional_memory,stm,lambdabot,"| http://book.realworldhaskell.org/read/software-transactional-memory.html | http://chimera.labs.oreilly.com/books/1230000000929/ch10.html"
http://haskell.org/haskellwiki/Tutorials,tutorials,lambdabot,""
http://haskell.org/haskellwiki/User:ConradParker/InstantInsanity,insanity,lambdabot,""
http://haskell.org/haskellwiki/Video_presentations,video,lambdabot,""
http://haskell.org/haskellwiki/Xmonad/Config_archive/John_Goerzen%27s_Configuration,jgct,lambdabot,""
http://haskell.org/haskellwiki/Xmonad/Frequently_asked_questions,xmonad-faq,lambdabot,""
http://haskell.org/haskellwiki/Xmonad/Guided_tour_of_the_xmonad_source,xmonad-design,lambdabot,""
http://haskell.org/haskellwiki/Xmonad/Notable_changes_since_0.8#EwmhDesktops_0.9_config_updates,ewmhdesktops,lambdabot,""
http://haskell.org/hawiki/,hawiki,lambdabot,""
http://haskell.org/hdirect/,hdirect,lambdabot,""
http://haskell.org/hmake,hmake,lambdabot,""
http://haskell.org/hugs,hugs,lambdabot,""
http://haskell.org/mailman/listinfo/beginners,beginners,lambdabot,""
http://haskell.org/nhc98,nhc,lambdabot,""
http://haskell.org/onlinereport/,h98,lambdabot,""
http://haskell.org/onlinereport/lexemes.html#sect2.7,layout,lambdabot,""
http://haskell.org/~duncan/soegtk/,soe-gtk,lambdabot,""
http://haskell.org/~gentoo/hackport/,hackport,lambdabot,""
http://haskell.org/~kolmodin/code/hinotify/,hinotify,lambdabot,""
http://haskell.reddit.com,haskellreddit,lambdabot,""
http://haskellbook.com,haskellbook,lambdabot,""
http://haskellbook.com/,book,lambdabot,""
http://haskelldb.sourceforge.net/,haskelldb,lambdabot,""
http://hasp.cs.pdx.edu/habit-report-Nov2010.pdf,habit,lambdabot,"The preliminary Habit report:  ... "
http://haste.dyndns.org:8080/,haste,lambdabot,""
http://haxe.org/,haxe,lambdabot,""
http://hayoo.fh-wedel.de/,hayoo,lambdabot,"-- See also Hoogle: http://haskell.org/hoogle http://fpcomplete.com/hoogle"
http://hdiff.luite.com/,hdiff,lambdabot,""
http://hdiff.luite.com/packages/archive/,hackage-mirror,lambdabot,"remote-repo: hdiff.luite.com: ... "
http://hoc.sourceforge.net/,hoc,lambdabot,""
http://home.agh.edu.pl/~gpolak/hslua,hslua,lambdabot,""
http://home.sandiego.edu/~shulman/papers/index.html,shulman,lambdabot,""
http://homepages.cwi.nl/~jve/HR/,hr,lambdabot,"""The Haskell Road to Logic, Maths and Programming"", by Kees Doets,Jan van Eijck, at  ... (broken ?),<https://web.archive.org/web/20190528043209/https://homepages.cwi.nl/~jve/HR/>"
http://homepages.cwi.nl/~tromp/cl/lazy-k.html,lazy-k,lambdabot,""
http://homepages.inf.ed.ac.uk/wadler/,wadler,lambdabot,""
http://homepages.inf.ed.ac.uk/wadler/papers/arrows-and-idioms/arrows-and-idioms.pdf,oblivious,lambdabot,""
http://homepages.inf.ed.ac.uk/wadler/papers/essence/essence.ps,essencefp,lambdabot,""
http://homepages.inf.ed.ac.uk/wadler/papers/marktoberdorf/baastad.pdf,monads,lambdabot,""
http://homepages.inf.ed.ac.uk/wadler/papers/prettier/prettier.pdf,prettier,lambdabot,""
http://homepages.inf.ed.ac.uk/wadler/topics/blame.html#blame-esop,blame,lambdabot,"""Well-typed programs can't be blamed"" at  ... by Philip Wadler,Robert Bruce Findler in 2009"
http://homotopytypetheory.org/book/,hott,lambdabot,""
http://hope.bringert.net/,hope,lambdabot,""
http://hpaste.org/,hpaste,lambdabot,""
http://htoolkit.sourceforge.net,hsql,lambdabot,""
http://hunit.sourceforge.net/,hunit,lambdabot,""
http://icfpcontest.org/,icfp2006,lambdabot,""
http://idris-lang.org/,idris,lambdabot,"#idris  ... "
http://ifdb.tads.org/viewgame?id=fn8r65rg7upfff0o,enlightenment,lambdabot,""
http://iki.fi/tuomov/riot/,riot,lambdabot,""
http://joyridelabs.de/game/,nikki,lambdabot,""
http://jpg.artige.no/store/9871.jpg,horror,lambdabot,""
http://katmat.math.uni-bremen.de/acc/,acc,lambdabot,"""Abstract and Concrete Categories (The Joy of Cats)"", J. Adámek, H. Herrlich, G. E. Strecker:  ... "
http://kejo.be/ELIS/haskell-blahSouthPark.html,boegel,lambdabot,""
http://kuribas.hcoop.net/haskell-indentation.el,kuribas-indentation,lambdabot,""
http://lambda-the-ultimate.org/,ltu,lambdabot,""
http://lambdabot.codersbase.com,lambdaweb,lambdabot,""
http://lambdacats.org,lambdacats,lambdabot,""
http://learn.hfm.io,learn-hfm,lambdabot,""
http://learnyouahaskell.com/listmonster.png,listmonster,lambdabot,""
http://legacy.cs.uu.nl/daan/parsec.html,parsec,lambdabot,""
http://lens.github.io/,lens,lambdabot,"#haskell-lens |  ... | https://github.com/ekmett/lens | http://www.youtube.com/watch?v=cefnmjtAolY&hd=1"
http://lhc.seize.it/,lhc,lambdabot,""
http://library.readscheme.org/servlets/cite.ss?pattern=Ste-77,tail-recursion,lambdabot,""
http://lists.schmorp.de/pipermail/rxvt-unicode/2008q1/000552.html,urxvt-transparency,lambdabot,""
http://logitext.mit.edu/logitext.fcgi/tutorial,logitext,lambdabot,"""Interactive Tutorial of the Sequent Calculus"" by ezyang at  ... ,<http://logitext.mit.edu/logitext.fcgi/main>,<http://blog.ezyang.com/2012/05/an-interactive-tutorial-of-the-sequent-calculus/>"
http://lpaste.net/,lpaste,lambdabot,""
http://lpaste.net/8063137500022964224,longcat,lambdabot,""
http://lucacardelli.name/Papers/OnUnderstanding.A4.pdf,on-understanding,lambdabot,"""On Understanding Types, Data Abstraction, and Polymorphism"" by Luca Cardelli,Peter Wegner in 1985-12 at  ... "
http://lukepalmer.wordpress.com/2010/01/24/haskell-antipattern-existential-typeclass/,antipattern,lambdabot,""
http://mainisusuallyafunction.blogspot.de/2010/10/typing-mathematical-characters-in-x.html,compose,lambdabot,""
http://malde.org/~ketil/,rbr,lambdabot,""
http://mapcar.org/haskell/shim/,shim,lambdabot,"http://mawercer.de/~publicrepos/shim/"
http://math.andrej.com/2007/09/28/seemingly-impossible-functional-programs/,impossible,lambdabot,",<http://math.andrej.com/2008/11/21/a-haskell-monad-for-infinite-search-in-finite-time/>"
http://mauke.ath.cx/tmp/2009-10-19-hackage-archive.torrent,hackage-torrent,lambdabot,""
http://members.cox.net/stefanor/vty/,vty,lambdabot,"darcs get  ... "
http://memegenerator.net/instance/7710889,wtfmonad,lambdabot,""
http://mitpress.mit.edu/sicm/,sicm,lambdabot,""
http://modeemi.cs.tut.fi/~tuomov/ion/,ion,lambdabot,""
http://moonpatio.com/repos/lunabot/,lunabot,lambdabot,"{- currently just the bare bot + ghc-api-eval + eval-rlimit-sandboxed-stdin->stdout (and no docs) -}"
http://moonpatio.com/vacuum/,vacuum,lambdabot,""
http://moonpatio.com:8080/fastcgi/hpaste.fcgi/new,hpastetwo,lambdabot,""
http://mumble.net/~campbell/blag.txt,blag,lambdabot,"Riastradh's (Taylor R. Campbell's) blag  ... , RSS <http://www.ccil.org/~cowan/blag.xml>"
http://mumble.net/~campbell/emacs/paredit.html,paredit,lambdabot,"Minor Emacs mode for editing parentheses at  ... ,<http://mumble.net/~campbell/emacs/paredit.el> by Taylor R. Campbell (Riastradh)"
http://mvanier.livejournal.com/3917.html,yamt,lambdabot,""
http://naesten.mooo.com:8080/repos/ZMachine,zmachine,lambdabot,""
http://nealar.livejournal.com/,alar,lambdabot,""
http://nickmudge.info/,mudge,lambdabot,""
http://nixos.org/,nix,lambdabot,""
http://norvig.com/21-days.html,years,lambdabot,"""Teach Yourself Programming in Ten Years"" at  ... by Peter Norvig"
http://okmij.org/ftp/,oleg,lambdabot,""
http://okmij.org/ftp/Haskell/dependent-types.html#Prepose,configurations,lambdabot,""
http://okmij.org/ftp/Haskell/perfect-shuffle.txt,shuffle,lambdabot,""
http://okmij.org/ftp/Haskell/types.html#Prepose,prepose,lambdabot,"""Implicit configurations -- or, type classes reflect the values of types"" by Oleg Kiselyov,Chung-chieh Shan in 2004-08 at  ... ,<http://mauke.dyndns.org/stuff/papers/prepose.pdf>"
http://okmij.org/ftp/Haskell/types.html#polyvar-fn,polyvariadic,lambdabot,""
http://openbsd.org/,openbsd,lambdabot,""
http://packdeps.haskellers.com/reverse,revdeps,lambdabot,",<http://packdeps.haskellers.com/>,<http://www.yesodweb.com/blog/2011/02/reverse-packdeps>"
http://paste.lisp.org/new/darcs,darcs-paste,lambdabot,""
http://paste.lisp.org/new/haskell.hr,lisppaste,lambdabot,",<http://paste.lisp.org/new>"
http://patch-tag.com/r/stepcut/agdabot,agdabot,lambdabot,""
http://pdos.csail.mit.edu/~baford/packrat/thesis/,pappy,lambdabot,""
http://people.cs.uu.nl/doaitse/Papers/2003/p224-swierstra.pdf,polish,lambdabot,""
http://people.csail.mit.edu/gregs/ll1-discuss-archive-html/msg03277.html,object-closure-koan,lambdabot,"""RE: What's so cool about Scheme?"" (Teachings of venerable master Qc Na) by Anton van Straaten in 2003-06-04 at  ... (cf. ""RE: accumulator generator (Java)"" by ibid in 2002-05-23 at <msg01488.html> (same site)) (Also see ""Six of One, a Half Dozen of the Other"" by Glenn Vanderburg in 2004-03-29 at <https://vanderburg.org/blog/2004/03/29/koan.html>)"
http://perlcabal.org/~nothingmuch/harrorth/,harrorth,lambdabot,""
http://personal.cis.strath.ac.uk/~conor/pub/she/,she,lambdabot,""
http://petdance.com/ack/,ack,lambdabot,""
http://php.net,php,lambdabot,""
http://planet.haskell.org,waldo,lambdabot,""
http://planet.haskell.org/,planet,lambdabot,""
http://pll.cpsc.ucalgary.ca/charity1/www/home.html,charity,lambdabot,""
http://pllab.is.ocha.ac.jp/~asai/papers/papers.html,black,lambdabot,""
http://programatica.cs.pdx.edu/House/,house,lambdabot,""
http://projecteuler.net,euler,lambdabot,""
http://projecteuler.net/,pe,lambdabot,""
http://projects.codersbase.com/repos/nehe-tuts/,nehe-tuts,lambdabot,"darcs get  ... "
http://projects.haskell.org/camp/,camp,lambdabot,""
http://projects.haskell.org/diagrams/,diagrams,lambdabot,""
http://purelytheoretical.com/sywtltt.html,learntt,lambdabot,""
http://qthaskell.berlios.de/,qthaskell,lambdabot,""
http://quux.org/devel/hdbc,hdbc,lambdabot,""
http://quux.org/devel/missingh,missingh,lambdabot,""
http://racket-lang.org/,racket,lambdabot,""
http://rafb.net/paste,paste-rafb,lambdabot,""
http://reinh.com/notes/posts/2014-07-25-recommended-reading-material.html,reading-list,lambdabot,""
http://repa.ouroborus.net/,repa,lambdabot,"REgular PArallel arrays  ... "
http://repetae.net/computer/frisby/,frisby,lambdabot,""
http://repetae.net/john/computer/ginsu/,ginsu,lambdabot,""
http://repetae.net/john/computer/haskell/DrIFT/,drift,lambdabot,""
http://repetae.net/john/computer/haskell/JRegex/,jregex,lambdabot,""
http://repetae.net/john/computer/jhc/,jhc,lambdabot,",<https://github.com/jimcrayne/jhc>,<http://repetae.net/computer/jhc/jhc.shtml#the-story-of-jhc>"
http://research.microsoft.com/Users/simonpj/Papers/weak.htm,weak,lambdabot,""
http://research.microsoft.com/en-us/projects/threadscope/,threadscope,lambdabot,""
http://research.microsoft.com/en-us/um/people/simonpj/Papers/cpr/index.htm,cpr,lambdabot,""
http://research.microsoft.com/en-us/um/people/simonpj/Papers/history-of-haskell/history.pdf,being.lazy.with.class,lambdabot,""
http://research.microsoft.com/en-us/um/people/simonpj/Papers/inlining/,inlining,lambdabot,""
http://research.microsoft.com/en-us/um/people/simonpj/papers/eval-apply/index.htm,eval-apply,lambdabot,""
http://research.microsoft.com/en-us/um/people/simonpj/papers/history-of-haskell/index.htm,historyofhaskell,lambdabot,""
http://research.microsoft.com/en-us/um/people/simonpj/papers/slpj-book-1987/,ifpl,lambdabot,""
http://research.microsoft.com/fsharp/fsharp.aspx,f#,lambdabot,""
http://research.microsoft.com/~simonpj/papers/history-of-haskell/index.htm,ahoh,lambdabot,""
http://research.microsoft.com/~simonpj/papers/ptr-tag/index.htm,ptr-tag,lambdabot,""
http://ruby-lang.org,ruby,lambdabot,""
http://sam.zoy.org/wtfpl/,wtfpl,lambdabot,""
http://scannedinavian.com/~boegel/HaskLS/,haskls,lambdabot,""
http://scannedinavian.com/~lemmih/hasp,hasp,lambdabot,""
http://scannedinavian.org/~lemmih/ghc-src,ghc-src,lambdabot,""
http://semantic.org/hnop/,hnop,lambdabot,""
http://sequence.complete.org,sequence,lambdabot,""
http://shootout.alioth.debian.org/,shootout,lambdabot,""
http://sigfpe.blogspot.com/,sigfpe,lambdabot,""
http://sigfpe.blogspot.com/2006/01/eleven-reasons-to-use-haskell-as.html,haskell-for-mathematicians,lambdabot,""
http://snapframework.com/,snap,lambdabot,"#snapframework"
http://sneezy.cs.nott.ac.uk/containers/,containers,lambdabot,""
http://sneezy.cs.nott.ac.uk/darcs/epigram/,epigram2,lambdabot,""
http://sneezy.cs.nott.ac.uk/fun/,fita,lambdabot,""
http://software.complete.org/hsh,hsh,lambdabot,""
http://software.complete.org/software/projects/show/listlike,listlike,lambdabot,""
http://softwaresimply.blogspot.de/2012/04/hopefully-fair-and-useful-comparison-of.html,web-frameworks,lambdabot,""
http://sophos.berkeley.edu/macfarlane/pandoc/,pandoc,lambdabot,""
http://sourceforge.net/projects/jvm-bridge/,jvm-bridge,lambdabot,""
http://sourceforge.net/projects/lazy-regex,lazy-regex,lambdabot,""
http://sourceforge.net/projects/ranged-sets/,ranged-sets,lambdabot,""
http://stackoverflow.com/questions/210835/what-is-referential-transparency,uday-reddy-on-referential-transparency,lambdabot,",<https://www.reddit.com/r/haskell/comments/x8rr6/uday_reddy_on_referential_transparency_and_fp/>,<http://www.reddit.com/r/haskell/comments/xgq27/uday_reddy_sharpens_up_referential_transparency/>"
http://standards.freedesktop.org/wm-spec/wm-spec-1.3.html,ewmh,lambdabot,""
http://strictlypositive.org/Idiom-abort.pdf,idiom,lambdabot,"""A trail told by an idiom"" (aborted) by Conor McBride at  ... ;""Idioms: applicative programming with effects"" (""too long"") by ibid,Ross Paterson at <http://strictlypositive.org/Idiom.pdf>;""Applicative programming with effects"" by ibid in 2008 at <http://strictlypositive.org/IdiomLite.pdf>,<http://www.staff.city.ac.uk/~ross/papers/Applicative.html>"
http://strictlypositive.org/view.ps.gz,tvftl,lambdabot,""
http://sup.rubyforge.org,sup,lambdabot,""
http://svn.openfoundry.org/pugs/third-party/HsSyck/,hssyck,lambdabot,""
http://swapoff.org/wiki/DevTodo,devtodo,lambdabot,""
http://t0rch.org/,kmc,lambdabot,""
http://thecorememory.com/Next_700.pdf,next-700,lambdabot,"""The Next 700 Programming Languages"" by Peter J. Landin in 1965-08 at  ... ,<https://dl.acm.org/citation.cfm?id=365257>"
http://themonadreader.wordpress.com/,tmr,lambdabot,""
http://timber-lang.org/home.html,timber,lambdabot,"concurrent, reactive, event-driven language that was inspired by O'Haskell,  ... . also see `O'Haskell'"
http://timmaxwell.org/pages/monad-embed/,monad-embed,lambdabot,""
http://tinyurl.com/lambdacats,cats,lambdabot,""
http://tinyurl.com/y5kvdq,haskell-search,lambdabot,""
http://trac.haskell.org/network/,network,lambdabot,""
http://tronche.com/gui/x/icccm/,icccm,lambdabot,""
http://tronche.com/gui/x/xlib/,tronche,lambdabot,""
http://tryhaskell.org/,tryhaskell,lambdabot,""
http://ttic.uchicago.edu/~dreyer/course/papers/wadler.pdf,theorems.for.free,lambdabot,""
http://tunes.org/~nef/logs/haskell/,logs,lambdabot,"http://meme.b9.com/cdates.html?channel=haskell"
http://twan.home.fmf.nl/blog/haskell/non-regular1.details,funlist,lambdabot,"twanvl's ""A non-regular data type challenge"" at  ... and ""http://twan.home.fmf.nl/blog/haskell/non-regular2.details"" at <http://twan.home.fmf.nl/blog/haskell/non-regular2.details>"
http://twan.home.fmf.nl/blog/haskell/simple-reflection-of-expressions.details,expr,lambdabot,""
http://twan.home.fmf.nl/compact-string/,compactstring,lambdabot,""
http://twanvl.nl/blog/haskell/overloading-functional-references,lenses,lambdabot,",<http://cdsmith.wordpress.com/2011/04/26/composing-state-with-functions-and-lenses/>,<http://patternsinfp.wordpress.com/2011/01/31/lenses-are-the-coalgebras-for-the-costate-comonad/>,<http://stackoverflow.com/questions/5767129/lenses-fclabels-data-accessor-which-library-for-structure-access-and-mutation>"
http://twanvl.nl/blog/haskell/simple-reflection-of-expressions,simple-reflect,lambdabot,""
http://uebb.cs.tu-berlin.de/harpy/,harpy,lambdabot,""
http://ugcs.net/~keegan/talks/high-level-ffi/talk.pdf,high-level-ffi,lambdabot,""
http://ugcs.net/~keegan/talks/why-learn-haskell/talk.pdf,why-learn-haskell,lambdabot,""
http://uhsure.com/xmonad-log-applet.html,xmonad-log-applet,lambdabot,""
http://ulf.wiger.net/weblog/2008/02/29/simon-peyton-jones-composing-contracts-an-adventure-in-financial-engineering/,pudding,lambdabot,""
http://unknownparallel.com/monads.php,zamt,lambdabot,"The Dead Simple, No Chit Chat, Zero-Analogy Haskell Monad Tutorial:  ... "
http://urchin.earth.li/darcs/ian/bts/,bark,lambdabot,""
http://urchin.earth.li/mailman/listinfo/debian-haskell,debian-haskell,lambdabot,""
http://urchin.earth.li/~ian/style/haskell.html,style,lambdabot,"http://snapframework.com/docs/style-guide https://github.com/chrisdone/haskell-style-guide"
http://urchin.earth.li/~ian/vim/haskell.vim,haskell.vim,lambdabot,""
http://use.perl.org/~autrijus/journal/,autrijus,lambdabot,""
http://users.auriga.wearlab.de/~alb/darcsweb/,darcsweb,lambdabot,""
http://users.ece.cmu.edu/~allbery/lambdabot/COMMANDS,commands,lambdabot,""
http://vimperator.mozdev.org/,vimperator,lambdabot,""
http://w3m.sourceforge.net/,w3m,lambdabot,""
http://web.archive.org/web/20041012103936/http://www.bagley.org/~doug/ocaml/Notes/okoans.shtml,fp-koans,lambdabot,"""Functional Programming Koans, in OCaml"" by Doug Bagley in 2002 - 2003-02-03 at  ... . Cf. ""Functional Koans: a dynamic programmer responds"" by pozorvlak in 2006-05-15 at <https://pozorvlak.livejournal.com/15822.html>"
http://web.archive.org/web/20051126141834/http://haskell.org/hawiki/IndirectComposite,indirectcomposite,lambdabot,""
http://web.archive.org/web/20051126143527/http://haskell.org/hawiki/DecoratingStructures,decoratingstructures,lambdabot,""
http://web.archive.org/web/20070703001910/http://www.cs.chalmers.se/~augustss/pics/haskel.gif,haskel,lambdabot,""
http://web.archive.org/web/20080206034614/http://www.reciprocality.org/Reciprocality/,reciprocality,lambdabot,"""The Reciprocality Project"" by Alan Carter,et al. at  ... ,<https://web.archive.org/web/20140807154248/http://www.buildfreedom.com/content/reciprocality/>, cf. <http://wiki.c2.com/?ReciprocalityTheory>"
http://web.archive.org/web/20080918051833/http://mbishop.esoteriq.org/stuff/books.txt,book-acronyms,lambdabot,"mbishop's ""List of popular programming book acronyms"" at  ... "
http://web.archive.org/web/20090421080714/http://www.cpax.org.uk/prg/portable/c/c++/rfe00000.html,c/c++,lambdabot,"""C/C++ : A new language for the new Millennium"" by Richard Heathfield in 2005-02 at  ... "
http://web.archive.org/web/20090517021445/http://www.cs.chalmers.se/~nordland/ohaskell/,o'haskell,lambdabot,"extension to Haskell adding subtyping and records, plus non-blocking reactive communication, by Johan Nordlander, Magnus Carlsson, and Bjrn von Sydow, at  ... , also see `Timber'"
http://web.archive.org/web/20091106041222/http://www.guldheden.com/~sandin/amalthea.html,amalthea,lambdabot,"Implementation made by Martin Sandin of the (continuation-based) `Io' language at  ... "
http://web.archive.org/web/20100103222945/http://www.cs.chalmers.se/~augustss/cayenne/eqproof.ps,eqproof,lambdabot,"""Equality proofs in Cayenne"" by Lennart Augustsson in 1998 or 1999 at  ... "
http://web.archive.org/web/20100328151143/http://www.cs.caltech.edu/courses/cs11/material/haskell/index.html,cs11,lambdabot,""
http://web.cecs.pdx.edu/~kennyg/house/,lighthouse,lambdabot,""
http://web.cecs.pdx.edu/~mpj/thih/,thih,lambdabot,""
http://web.engr.oregonstate.edu/~erwig/diet/,diet,lambdabot,""
http://web.engr.oregonstate.edu/~erwig/pfp/,pfp,lambdabot,""
http://wiki.darcs.net/index.html/DarcsDeps,darcsdeps,lambdabot,""
http://wiki.di.uminho.pt/twiki/bin/view/Research/PURe/HaGLR,haglr,lambdabot,""
http://wiki.di.uminho.pt/wiki/bin/view/PURe/PUReSoftware,minho,lambdabot,""
http://wiki.portal.chalmers.se/agda/,agda,lambdabot,"Agda2, proof assistant / dependently typed FPL, at  ... -- Agda1, earlier incarnation, at (broken) <http://www.cse.chalmers.se/~catarina/agda/>,<http://web.archive.org/web/*/http://www.cs.chalmers.se/~catarina/agda/>. Also see `Alfa',`Cayenne'"
http://worrydream.com/refs/Backus-CanProgrammingBeLiberated.pdf,liberated,lambdabot,""
http://ww2.cs.mu.oz.au/172/Haskell/tourofprelude.html,tourofprelude,lambdabot,""
http://www-2.cs.cmu.edu/~rwh/plbook/,plbook,lambdabot,""
http://www-cs-staff.stanford.edu/~knuth/taocp.html,taocp,lambdabot,"""The Art of Computer Programming"" by Donald E. Knuth in 1962 – (ongoing) at  ... "
http://www-users.cs.york.ac.uk/~mfn/hacle/,hacle,lambdabot,""
http://www-users.cs.york.ac.uk/~mfn/sparsecheck/,sparsecheck,lambdabot,""
http://www-users.cs.york.ac.uk/~ndm/filepath/,filepath,lambdabot,""
http://www-users.cs.york.ac.uk/~ndm/guihaskell/,guihaskell,lambdabot,""
http://www-users.cs.york.ac.uk/~ndm/projects/hat.php,hat-gui,lambdabot,""
http://www-users.cs.york.ac.uk/~ndm/projects/winhaskell.php,winhaskell,lambdabot,""
http://www-users.cs.york.ac.uk/~ndm/tagsoup/,tagsoup,lambdabot,""
http://www.altocumulus.org/Fudgets/,fudgets,lambdabot,"GUI using X, by Thomas Hallgren and Magnus Carlsson, at  ... ,<http://www.carlssonia.org/ogi/ProdArrows/>. Also see `Alfa'"
http://www.amazon.com/Introduction-Functional-Programming-Haskell-Edition/dp/0134843460,bird,lambdabot,""
http://www.amazon.com/Purely-Functional-Structures-Chris-Okasaki/dp/0521663504,pfds,lambdabot,""
http://www.annodex.net/~conrad/software/hogg/,hogg,lambdabot,""
http://www.benzedrine.cx/planetwars/,tcpserver,lambdabot,""
http://www.carlssonia.org/ogi/mdo-callcc.pdf,monadfix_cont,lambdabot,"""Value recursion in the continuation monad"" by Magnus Carlsson in 2003-01-07 at  ... (there's also slides at <http://www.carlssonia.org/ogi/mdo-callcc-slides.pdf>)"
http://www.carlssonia.org/ogi/papers/icfp-2002.pdf,incremental,lambdabot,"""Monads for Incremental Computing"" (Functional Pearl) by Magnus Carlsson in 2002 (ICFP) at  ... ,<http://www.carlssonia.org/ogi/Adaptive/>,in Hackage at <http://hackage.haskell.org/package/Adaptive>"
http://www.catb.org/jargon/html/M/mu.html,mu,lambdabot,""
http://www.catb.org/~esr/faqs/loginataka.html,loginataka,lambdabot,"""The Loginataka: Dialogue between a Guru and a Newbie"" (aka ""So You Want To Be A Wizard?"") by Eric S. Raymond at  ... "
http://www.catb.org/~esr/jargon/html/koans.html,ai-koans,lambdabot,"""Some AI Koans"" by Danny Hillis at  ... (in The Jargon File). Also <https://www.netfunny.com/rhf/jokes/89q1/koans.285.html>"
http://www.catb.org/~esr/writings/taoup/html/unix_koans.html,unix-koans,lambdabot,"""Rootless Root - The Unix Koans of Master Foo"" by Eric S. Raymond (esr) in 2003 at  ... "
http://www.catonmat.net/blog/on-functors/,on-functors,lambdabot,"""On Functors"" (in C++,Standard ML,Haskell,Prolog) by Peteris Krumins in 2010-05-17 at  ... "
http://www.charvolant.org/~doug/xkb/html/index.html,xkb,lambdabot,""
http://www.cis.upenn.edu/~bcpierce/sf/,sf,lambdabot,"""Software Foundations"" by Pierce,Casinghino,Greenberg,Sjöberg,Yorgey in 2011-06 at  ... about ""the mathematical theory of programming and programming languages"", ""It develops basic concepts of functional programming, logic, operational semantics, lambda-calculus, and static type systems, using the Coq proof assistant."""
http://www.cis.upenn.edu/~byorgey/papers/species-pearl.pdf,species,lambdabot,"byorgey's paper : ""Species and Functors and Types, Oh My!"" at  ... by Brent Yorgey in 2010-09 [feel free to add more interesting papers]"
http://www.city5.org/haskellprog/qdbm/,qdbm,lambdabot,""
http://www.cl.cam.ac.uk/users/rje33/software.html,hasktags,lambdabot,""
http://www.cl.cam.ac.uk/~nx200/,esc,lambdabot,""
http://www.cliff.biffle.org/esoterica/hq9plus.html,hq9+,lambdabot,""
http://www.codersbase.com/Projects,lispyprojects,lambdabot,""
http://www.codersbase.com/Quake3,lispq3,lambdabot,""
http://www.codersbase.com/index.php/helisp,helisp,lambdabot,""
http://www.cs.brown.edu/~sk/Publications/Books/ProgLangs/,plai,lambdabot,""
http://www.cs.chalmers.se/Cs/Research/Functional/MultiLib/koen/Parsek.hs,parsek,lambdabot,""
http://www.cs.chalmers.se/~boquist/ifl96-abstract.html,grin,lambdabot,""
http://www.cs.chalmers.se/~bringert/darcs/QuickCheck/,qc2,lambdabot,"darcs get  ... "
http://www.cs.chalmers.se/~bringert/darcs/haskell-cgi/,haskell-cgi,lambdabot,""
http://www.cs.chalmers.se/~bringert/darcs/haskell-fastcgi/doc/,fastcgi,lambdabot,""
http://www.cs.chalmers.se/~bringert/darcs/haskell-xhtml,xhtml,lambdabot,""
http://www.cs.chalmers.se/~d00nibro/harp,harp,lambdabot,""
http://www.cs.chalmers.se/~d00nibro/haskell-src-exts/,hsx,lambdabot,""
http://www.cs.chalmers.se/~d00nibro/hsp,hsp,lambdabot,""
http://www.cs.chalmers.se/~hallgren/Alfa/Tutorial/GFplugin.html,cayenne,lambdabot,"Dependently typed FPL with turing-complete type system, by Lennart Augustsson (augustss), at (broken)  ... , <http://web.archive.org/web/*/www.cs.chalmers.se/~augustss/cayenne/index.html>. Also see `Agda'"
http://www.cs.chalmers.se/~rjmh/QuickCheck/,quickcheck,lambdabot,""
http://www.cs.cmu.edu/afs/cs/project/ai-repository/ai/lang/lisp/code/syntax/haskell/0.html,yalehaskell,lambdabot,"Yale Haskell, implemented in Lisp, at  ... ,<http://www.cs.cmu.edu/afs/cs/project/ai-repository/ai/lang/lisp/code/syntax/haskell/src_205.tgz>,<http://groups.google.com/group/comp.lang.functional/msg/5b929ac0223a6212?dmode=source&hl=en>"
http://www.cs.cmu.edu/~rwh/plbook/book.pdf,pfpl,lambdabot,"""Practical Foundations for Programming Languages"" by Robert Harper at  ... ,<https://www.cs.cmu.edu/~rwh/pfpl/2nded.pdf>"
http://www.cs.cmu.edu/~rwh/theses/okasaki.pdf,okasaki,lambdabot,""
http://www.cs.cmu.edu/~twelf/,twelf,lambdabot,""
http://www.cs.helsinki.fi/u/ekarttun/SerTH/,serth,lambdabot,""
http://www.cs.helsinki.fi/u/ekarttun/hs-fltk/,hs-fltk,lambdabot,""
http://www.cs.helsinki.fi/u/ekarttun/hsgnutls,hsgnutls,lambdabot,""
http://www.cs.helsinki.fi/u/ekarttun/network-alt/,network-alt,lambdabot,""
http://www.cs.hmc.edu/~oneill/papers/Sieve-JFP.pdf,sieve,lambdabot,""
http://www.cs.indiana.edu/~sabry/papers/purelyFunctional.ps,purelyfunctional,lambdabot,"""What is a Purely Functional Language?"" at  ... by Amr Sabry, 1998"
http://www.cs.kent.ac.uk/people/staff/sjt/TTFP/,ttfp,lambdabot,""
http://www.cs.kent.ac.uk/people/staff/sjt/craft2e/,cofp,lambdabot,""
http://www.cs.kent.ac.uk/projects/ofa/chp/,chp,lambdabot,""
http://www.cs.kent.ac.uk/projects/pivotal,pivotal,lambdabot,""
http://www.cs.kent.ac.uk/projects/refactor-fp/,hare,lambdabot,""
http://www.cs.kent.ac.uk/projects/vital/,vital,lambdabot,"""Vital is a document-centered implementation of Haskell"",""The Vital project (acronym: Visual Interactive Typed Applicative Language) is investigating a /document-centered/ approach to functional programming with an emphasis on the display and /direct manipulation/ of complex data structures."" (cf. spreadsheets)  ... ,<https://web.archive.org/web/20090529010107/http://www.cs.kent.ac.uk:80/projects/vital/>"
http://www.cs.kent.ac.uk/pubs/2001/1152/,fad,lambdabot,""
http://www.cs.kuleuven.be/~dtai/projects/CHR/,chr,lambdabot,"Constraint Handling Rules at  ... "
http://www.cs.lth.se/EDA120/TwoDozenLessons/,twodozen,lambdabot,""
http://www.cs.mu.oz.au/~bjpop/buddha/,buddha,lambdabot,""
http://www.cs.mu.oz.au/~bjpop/timeline/timeline.5.png,timeline,lambdabot,""
http://www.cs.nott.ac.uk/~mjj/pubs/mmt/mmt.pdf,mmt,lambdabot,""
http://www.cs.nott.ac.uk/~pszgmh/pih.html,pih,lambdabot,"""Programming in Haskell"" by Graham Hutton in 2007-01-15,2016-09-01 at  ... "
http://www.cs.nott.ac.uk/~wss/repos/IOSpec/,iospec,lambdabot,""
http://www.cs.orst.edu/~erwig/fgl/,fgl,lambdabot,""
http://www.cs.ox.ac.uk/people/jeremy.gibbons/publications/acmmpc-calcfp.pdf,calcfp,lambdabot,""
http://www.cs.ox.ac.uk/publications/books/functional/,tfwh,lambdabot,"""Thinking Functionally with Haskell"" by Richard Bird in Oct 2014 at  ... "
http://www.cs.princeton.edu/~rdockins/edison/home/,edison,lambdabot,""
http://www.cs.ru.nl/E.Poll/papers/durham97.pdf,erikpoll,lambdabot,"""Subtyping and Inheritance for Inductive Types"" in 1997 at  ... ,""Subtyping and Inheritance for Categorical Datatypes"" in 1997 at <http://www.cs.ru.nl/E.Poll/papers/kyoto97.pdf>,""A Coalgebraic Semantics of Subtyping"" in 2000 at <http://www.cs.ru.nl/E.Poll/papers/cmcs00.pdf>,later version of that in 2001 at <http://www.cs.ru.nl/E.Poll/papers/ita01.pdf>"
http://www.cs.tufts.edu/~nr/cs257/archive/peter-sestoft/ref-trans.pdf,referential-transparency,lambdabot,"""Referential Transparency, Definiteness and Unfoldability"" by Harald Søndergaard,Peter Sestoft in 1987-11-30 - 1990-01-04 at  ... ; see also `uday-reddy-on-referential-transparency'"
http://www.cs.utah.edu/~hal/htut/,yaht,lambdabot,"""Yet Another Haskell Tutorial"", Hal Daume III, ... ,<http://en.wikibooks.org/wiki/Haskell/YAHT>,<http://hal3.name/docs/daume02yaht.p(df|s)>,<http://darcs.haskell.org/yaht/yaht.p(df|s)>"
http://www.cs.utexas.edu/~wcook/Drafts/2009/essay.pdf,on-understanding-revisited,lambdabot,"""On Understanding Data Abstraction, Revisited"" by William R. Cook in 2009-10 at  ... "
http://www.cs.uu.nl/research/projects/generic-haskell/,generichaskell,lambdabot,",<https://downloads.haskell.org/~ghc/latest/docs/html/users_guide/glasgow_exts.html#generic-classes>,<https://downloads.haskell.org/~ghc/latest/docs/html/users_guide/glasgow_exts.html#generic-programming>"
http://www.cs.uu.nl/research/projects/helium/,helium,lambdabot,""
http://www.cs.uu.nl/research/techreps/repo/CS-2008/2008-044.pdf,parsing,lambdabot,""
http://www.cs.uu.nl/wiki/HUT/AttributeGrammarSystem,ag,lambdabot,""
http://www.cs.uu.nl/wiki/UHC,uhc,lambdabot,"The Utrecht Haskell Compiler, implemented using attribute grammars, at  ... "
http://www.cs.uu.nl/~andres/lhs2tex,lhs2tex,lambdabot,""
http://www.cs.uu.nl/~daan/morrow/,morrow,lambdabot,""
http://www.cs.yale.edu/homes/hudak/SOE/,soe,lambdabot,"""The Haskell School of Expression: Learning Functional Programming through Multimedia"" by Paul Hudak in 2000 at  ... ,<http://haskell.org/soe/> [broken]"
http://www.cs.york.ac.uk/fp/cpphs/,cpphs,lambdabot,""
http://www.cs.york.ac.uk/fp/darcs/derive,derive,lambdabot,""
http://www.cs.york.ac.uk/fp/darcs/drhaskell/,drhaskell,lambdabot,""
http://www.cs.york.ac.uk/fp/darcs/filepath,system.filepath,lambdabot,""
http://www.cs.york.ac.uk/fp/darcs/hscolour/,hscolour,lambdabot,""
http://www.cs.york.ac.uk/fp/darcs/proplang,proplang,lambdabot,""
http://www.cs.york.ac.uk/fp/haddock/safe/Safe.html,safe,lambdabot,""
http://www.cs.york.ac.uk/fp/polyparse/,polyparse,lambdabot,""
http://www.cs.york.ac.uk/fp/reduceron/,reduceron,lambdabot,""
http://www.cs.york.ac.uk/fp/smallcheck0.2.tar,smallcheck,lambdabot,""
http://www.cs.york.ac.uk/~ndm/,ndm,lambdabot,""
http://www.cs.york.ac.uk/~ndm/projects/winhugs.php,winhugs,lambdabot,""
http://www.cs.york.ac.uk/~ndm/proposition/,proposition,lambdabot,""
http://www.cs.york.ac.uk/~ndm/yhc,yhc,lambdabot,""
http://www.cse.chalmers.se/~hallgren/Alfa/,alfa,lambdabot,"Proof editor, using Agda1 proof engine/checker, at  ... ,(broken) <http://www.cs.chalmers.se/~hallgren/untested>,<http://ogi.altocumulus.org/~hallgren/untested>,<http://ogi.altocumulus.org/~hallgren/untested/for_Linux/alfa-041029-bin-i386-Linux-RedHat9.tar.gz>,<http://ogi.altocumulus.org/~hallgren/untested/Source_code/alfa-050126.src.tar.gz>. Also see `Agda',`Fudgets',`GF'"
http://www.cse.chalmers.se/~nad/publications/danielsson-et-al-popl2006.html,fast-and-loose,lambdabot,"""Fast and Loose Reasoning is Morally Correct"" by Nils Anders Danielsson,John Hughes,Patrik Jansson,Jeremy Gibbons in 2006 at  ... "
http://www.cse.chalmers.se/~patrikj/poly/,polytypic,lambdabot,",<http://www.cse.chalmers.se/~patrikj/poly/svenska.html>"
http://www.cse.chalmers.se/~rjmh/Papers/whyfp.html,whyfp,lambdabot,"""Why Functional Programming Matters"" by John Hughes in 1984 at  ... "
http://www.cse.chalmers.se/~russo/publications_files/haskell11-ext.pdf,lio,lambdabot,""
http://www.cse.chalmers.se/~ulfn/papers/afp08/tutorial.pdf,agdatut,lambdabot,""
http://www.cse.ogi.edu/~diatchki/monadLib/,monadlib,lambdabot,""
http://www.cse.ogi.edu/~mpj/goferarc/,gofer,lambdabot,""
http://www.cse.unsw.edu.au/~chak/,chakravarty,lambdabot,""
http://www.cse.unsw.edu.au/~chak/haskell/c2hs/,c2hs,lambdabot,""
http://www.cse.unsw.edu.au/~chak/haskell/idoc/,idoc,lambdabot,""
http://www.cse.unsw.edu.au/~chak/haskell/lambdaFeed/,lambdafeed,lambdabot,""
http://www.cse.unsw.edu.au/~chak/haskell/ports/,ports,lambdabot,""
http://www.cse.unsw.edu.au/~chak/project/fc/,fc,lambdabot,""
http://www.cse.unsw.edu.au/~dons/binary.html,binary,lambdabot,""
http://www.cse.unsw.edu.au/~dons/code/caths/,caths,lambdabot,""
http://www.cse.unsw.edu.au/~dons/code/goa/,ghci-on-acid,lambdabot,""
http://www.cse.unsw.edu.au/~dons/code/hbc,hbc,lambdabot,"The Chalmers Haskell-B Compiler by Lennart Augustsson (augustss) at (darcs get)  ... ,<http://darcs.augustsson.net/Darcs/hbc> -- Alternatively, the Hierarchical Bayes Compiler <http://www.cs.utah.edu/~hal/HBC/>"
http://www.cse.unsw.edu.au/~dons/code/hwn/archives/,hwn-archives,lambdabot,""
http://www.cse.unsw.edu.au/~dons/code/mkcabal,mkcabal,lambdabot,"darcs get  ... "
http://www.cse.unsw.edu.au/~dons/code/newpopen,newpopen,lambdabot,"darcs get  ... "
http://www.cse.unsw.edu.au/~dons/code/streams/ChasingBottoms/,chasingbottoms,lambdabot,""
http://www.cse.unsw.edu.au/~dons/code/typeof/,typeof,lambdabot,""
http://www.cse.unsw.edu.au/~dons/code/urlcheck,urlcheck,lambdabot,"darcs get  ... "
http://www.cse.unsw.edu.au/~dons/code/yi+gtk,yi+gtk,lambdabot,""
http://www.cse.unsw.edu.au/~dons/darcs-graph.html,darcs-graph,lambdabot,""
http://www.cse.unsw.edu.au/~dons/fps.html,bytestring,lambdabot,""
http://www.cse.unsw.edu.au/~dons/h4sh.html,h4sh,lambdabot,""
http://www.cse.unsw.edu.au/~dons/haskell-1990-2006/msg00737.html,wadlers_law,lambdabot,""
http://www.cse.unsw.edu.au/~dons/hmp3.html,hmp3,lambdabot,""
http://www.cse.unsw.edu.au/~dons/hs-plugins/,hsplugins,lambdabot,""
http://www.cse.unsw.edu.au/~dons/irc/,stats,lambdabot,""
http://www.cse.unsw.edu.au/~dons/irc/darcs/,darcs-logs,lambdabot,""
http://www.cse.unsw.edu.au/~dons/irc/haskell-07.html,stats-07,lambdabot,""
http://www.cse.unsw.edu.au/~dons/loch.html,loch,lambdabot,""
http://www.cse.unsw.edu.au/~dons/nobench.html,nobench,lambdabot,""
http://www.cse.unsw.edu.au/~dons/pqc.html,pqc,lambdabot,""
http://www.cse.unsw.edu.au/~dons/streams.html,stream-fusion,lambdabot,""
http://www.cse.unsw.edu.au/~dons/um.html,um,lambdabot,""
http://www.cse.unsw.edu.au/~pls/repos/phrac/,phrac,lambdabot,""
http://www.cse.unsw.edu.auc/~chak/haskell/ctk/index.html,ctk,lambdabot,""
http://www.cwru.edu/artsci/math/wells/pub/ttt.html,ttt,lambdabot,"Toposes, Triples and Theories:  ... "
http://www.dcs.gla.ac.uk/~partain/haskerl.html,haskerl,lambdabot,""
http://www.doc.ic.ac.uk/~tora/irulan/,irulan,lambdabot,""
http://www.dtek.chalmers.se/~kolmodin/,kolmodin,lambdabot,""
http://www.e-pig.org/,epigram,lambdabot,""
http://www.eecs.tufts.edu/~rdocki01/lambda/,lambdashell,lambdabot,"darcs get  ... "
http://www.eecs.tufts.edu/~rdocki01/shellac/,shellac,lambdabot,""
http://www.equational.org/darcs-server,darcs-server,lambdabot,""
http://www.esat.kuleuven.ac.be/~cpoucet/,vincenz,lambdabot,""
http://www.fh-wedel.de/~si/HXmlToolbox/,hxt,lambdabot,""
http://www.flippac.org/projects/flippi/,flippi,lambdabot,""
http://www.google-melange.com/gsoc/org/google/gsoc2013/haskell,gsoc,lambdabot,"#haskell-gsoc |  ... "
http://www.google.com,googl,lambdabot,""
http://www.google.com/coop/cse?cx=015832023690232952875%3Acunmubfghzq,haskellsearch,lambdabot,""
http://www.grammaticalframework.org/,gf,lambdabot,"Grammatical Framework, dependently typed FPL, categorial grammar formalism, supporting multilingual grammar applications for e.g. natural language processing, at  ... . (An old `Alfa' interface is at <http://web.archive.org/web/*/http://www.cs.chalmers.se/~hallgren/Alfa/Tutorial/GFplugin.html>)"
http://www.haskell.org/alex/,alex,lambdabot,""
http://www.haskell.org/all_about_monads/html/introduction.html,mtm,lambdabot,""
http://www.haskell.org/arrows/,arrows,lambdabot,""
http://www.haskell.org/cabal,cabal,lambdabot,"Flexible haskell build tool for all platforms:  ... "
http://www.haskell.org/crypto,crypto,lambdabot,""
http://www.haskell.org/ghc/,ghc-api,lambdabot,""
http://www.haskell.org/ghc/dist/current/docs/users_guide/sec-using-smp.html,smp,lambdabot,""
http://www.haskell.org/ghc/docs/latest/html/building/sec-cvs.html,fptools,lambdabot,""
http://www.haskell.org/ghc/docs/latest/html/libraries/,hhl,lambdabot,""
http://www.haskell.org/ghc/docs/latest/html/libraries/index.html,stdlib,lambdabot,""
http://www.haskell.org/ghc/docs/latest/html/users_guide/data-type-extensions.html#gadt,gadt,lambdabot,""
http://www.haskell.org/ghc/docs/latest/html/users_guide/flag-reference.html#id472118,language+,lambdabot,""
http://www.haskell.org/ghc/docs/latest/html/users_guide/flag-reference.html,flags,lambdabot,""
http://www.haskell.org/ghc/docs/latest/html/users_guide/hsc2hs.html,hsc2hs,lambdabot,""
http://www.haskell.org/ghc/docs/latest/html/users_guide/profiling.html,profiling,lambdabot,""
http://www.haskell.org/ghc/docs/latest/html/users_guide/runtime-control.html#rts-options-debugging,-xc,lambdabot,""
http://www.haskell.org/ghc/docs/latest/html/users_guide/safe-haskell.html,safehaskell,lambdabot,",<https://ghc.haskell.org/trac/ghc/wiki/SafeHaskell>,<http://safehaskell.scs.stanford.edu/>"
http://www.haskell.org/ghc/docs/latest/html/users_guide/separate-compilation.html#orphan-modules,orphans,lambdabot,""
http://www.haskell.org/ghc/reportabug,ghc-bugs,lambdabot,""
http://www.haskell.org/haddock/,haddock,lambdabot,""
http://www.haskell.org/halfs,halfs,lambdabot,""
http://www.haskell.org/happy/,happy,lambdabot,""
http://www.haskell.org/haskellwiki/All_About_Monads,aam,lambdabot,""
http://www.haskell.org/haskellwiki/AusHac2010,aushack,lambdabot,""
http://www.haskell.org/haskellwiki/Bottom,_|_,lambdabot,""
http://www.haskell.org/haskellwiki/FAQ#How_do_I_make_a_list_with_elements_of_different_types.3F,dynamic,lambdabot,""
http://www.haskell.org/haskellwiki/FAQ,faq,lambdabot,""
http://www.haskell.org/haskellwiki/Frag,frag,lambdabot,""
http://www.haskell.org/haskellwiki/GHC:FAQ#Does_GHC_do_common_subexpression_elimination.3F,cse,lambdabot,""
http://www.haskell.org/haskellwiki/Game_Development,game,lambdabot,"#haskell-game |  ... | http://hackage.haskell.org/packages/archive/pkg-list.html#cat:game | https://github.com/haskell-game"
http://www.haskell.org/haskellwiki/H-99:_Ninety-Nine_Haskell_Problems,99,lambdabot,""
http://www.haskell.org/haskellwiki/Hac_2008,hac08,lambdabot,""
http://www.haskell.org/haskellwiki/Hackathon,hackathon,lambdabot,""
http://www.haskell.org/haskellwiki/HaskellUserLocations,map,lambdabot,""
http://www.haskell.org/haskellwiki/Haskell_Communities_and_Activities_Report,communities,lambdabot,""
http://www.haskell.org/haskellwiki/Haskell_Equational_Reasoning_Assistant,hera,lambdabot,""
http://www.haskell.org/haskellwiki/Haskell_Program_Coverage,hpc,lambdabot,""
http://www.haskell.org/haskellwiki/Haskell_in_industry,industry,lambdabot,""
http://www.haskell.org/haskellwiki/Hp2any,hp2any,lambdabot,""
http://www.haskell.org/haskellwiki/Humor,humor,lambdabot,""
http://www.haskell.org/haskellwiki/Implementations,implementations,lambdabot,". Also see `GHC',`Hugs',`Helium',`UHC',`DDC',`LHC',`JHC',`YHC',`NHC',`HBC',`UHC',`YaleHaskell',`Brisk'"
http://www.haskell.org/haskellwiki/Import_modules_properly,imports,lambdabot,""
http://www.haskell.org/haskellwiki/Language_Pragmas,pragmas,lambdabot,""
http://www.haskell.org/haskellwiki/Learn_Haskell_in_10_minutes,10minutes,lambdabot,""
http://www.haskell.org/haskellwiki/Ministg,ministg,lambdabot,""
http://www.haskell.org/haskellwiki/MonadPlus,monadplus,lambdabot,"or http://www.haskell.org/haskellwiki/MonadPlus_reform_proposal"
http://www.haskell.org/haskellwiki/Monad_Laws,monadlaws,lambdabot,""
http://www.haskell.org/haskellwiki/Monad_Transformer_Library,mtl,lambdabot,""
http://www.haskell.org/haskellwiki/Monomorphism_restriction,dmr,lambdabot,""
http://www.haskell.org/haskellwiki/Parallel,parallel,lambdabot,""
http://www.haskell.org/haskellwiki/Pattern_guard,pattern,lambdabot,"guard  ... "
http://www.haskell.org/haskellwiki/Physical_units,units,lambdabot,""
http://www.haskell.org/haskellwiki/Sudoku,sudoku,lambdabot,""
http://www.haskell.org/haskellwiki/TV,tv,lambdabot,"""TV is a library for composing /tangible values/, i.e., values that carry along external interfaces. In particular, TVs can be composed to create new TVs, /and/ they can be directly executed with a friendly GUI, a process that reads and writes character streams, or many other kinds interfaces. Values and interfaces are /combined/ for direct use, and /separable/ for composition.""  ... "
http://www.haskell.org/haskellwiki/The_Monad.Reader/Issue4/Why_Attribute_Grammars_Matter,agmatters,lambdabot,""
http://www.haskell.org/haskellwiki/Typeclassopedia,typeclassopedia,lambdabot,""
http://www.haskell.org/haskellwiki/VirtuaHac,virtuahac,lambdabot,""
http://www.haskell.org/haskellwiki/Xmonad/Notable_changes_since_0.8,notable,lambdabot,""
http://www.haskell.org/haskellwiki/Yi,yi,lambdabot,""
http://www.haskell.org/haskellwiki/Zipper,zipper,lambdabot,""
http://www.haskell.org/hat,hat-anim,lambdabot,""
http://www.haskell.org/hat/,hat,lambdabot,""
http://www.haskell.org/himerge/,himerge,lambdabot,""
http://www.haskell.org/http/,http,lambdabot,""
http://www.haskell.org/mailman/listinfo/haskell,haskell@,lambdabot,""
http://www.haskell.org/mailman/listinfo/haskell-cafe,haskell-cafe,lambdabot,""
http://www.haskell.org/onlinereport/,rtfr,lambdabot,""
http://www.haskell.org/onlinereport/haskell2010/,h10,lambdabot,""
http://www.haskell.org/onlinereport/haskell2010/haskellch2.html#x7-210002.7,layout2010,lambdabot,""
http://www.haskell.org/onlinereport/haskell2010/haskellch3.html#x8-480003.14,do,lambdabot,"The rules of do notation:  ... (Note that ""do { v <- m; ... }"" is the same as ""m >>= \v -> do { ... }"" when v is a variable, rather than a more complex pattern.)"
http://www.haskell.org/onlinereport/haskell2010/haskellch8.html,ffi,lambdabot,""
http://www.haskell.org/onlinereport/standard-prelude.html,prelude,lambdabot,""
http://www.haskell.org/pipermail/cvs-ghc/,cvs-ghc,lambdabot,""
http://www.haskell.org/pipermail/glasgow-haskell-users/,glasgow-haskell-users,lambdabot,""
http://www.haskell.org/pipermail/haskell/2004-June/014134.html,topology,lambdabot,"""topology in Haskell""  ... and ""Synthetic topology of data types and classical spaces"" <http://www.cs.bham.ac.uk/~mhe/papers/entcs87.(pdf|dvi|ps)> by Martn Escard"
http://www.haskell.org/pipermail/haskell/2006-August/018355.html,type-level-lambda-calculus,lambdabot,""
http://www.haskell.org/pipermail/haskell/2009-November/021750.html,h10.announcement,lambdabot,""
http://www.haskell.org/pipermail/haskell/2011-January/022497.html,nodatatypecontexts,lambdabot,""
http://www.haskell.org/pipermail/xmonad/2009-November/009060.html,xmonad-0.9-ubuntu,lambdabot,"[karmic]  ... | [older ubuntu releases] https://launchpad.net/~gspreemann/+archive/haskell"
http://www.haskell.org/th,th,lambdabot,""
http://www.haskell.org/tmrwiki/IssueSix,pronunciation,lambdabot,""
http://www.haskell.org/tmrwiki/JoinHs,joinhs,lambdabot,""
http://www.haskell.org/tmrwiki/WhyAttributeGrammarsMatter,attribute,lambdabot,"grammars matter  ... "
http://www.haskell.org/tutorial/,gentle,lambdabot,""
http://www.haskell.org/yampa/,yampa,lambdabot,""
http://www.hoovy.org/HaskellXcodePlugin/,xcode,lambdabot,""
http://www.htdp.org/,htdp,lambdabot,""
http://www.iai.uni-bonn.de/~loeh/exi/,exi,lambdabot,""
http://www.ibiblio.org/zen/cgi-bin/koan-index.pl,gateless-gate,lambdabot,"""The Gateless Gate/Barrier"" by Ekai (called Mumon / Wumen Huikai) in early 1200s century at  ... "
http://www.ieeeghn.org/wiki/images/b/bd/Memristor_chua_article.pdf,memristors,lambdabot,""
http://www.imperialviolet.org/binary/bitsyntax/,bitsyntax,lambdabot,""
http://www.impredicative.com/ur/,ur,lambdabot,"Ur and Ur/Web by Adam Chlipala (aka Smerdyakov) at  ... and #ur -- Ur is a functional, pure, statically-typed, and strict programming language, supporting a powerful kind of metaprogramming based on row types. Ur/Web is Ur plus a special standard library and associated rules for parsing and optimization, supporting construction of dynamic web applications backed by SQL databases."
http://www.info.ucl.ac.be/~pvr/book.html,ctm,lambdabot,"""Concepts, Techniques, and Models of Computer Programming"", by Peter Van Roy,Seif Haridi, at  ... "
http://www.informatik.uni-freiburg.de/~thiemann/haskell/WASH/,wash,lambdabot,""
http://www.informatik.uni-freiburg.de/~wehr/software/haskell/#hscurses,hscurses,lambdabot,""
http://www.informatik.uni-kiel.de/~mh/curry/,curry,lambdabot,""
http://www.inutile.ens.fr/estatis/falso/,falso,lambdabot,""
http://www.jantar.org/lambdaTeX/,lambdatex,lambdabot,""
http://www.joelonsoftware.com/articles/Unicode.html,unicode,lambdabot,""
http://www.jsoftware.com,j,lambdabot,"The J Programming language:  ... "
http://www.lambdassociates.org/aboutqi.htm,qi,lambdabot,""
http://www.learnyou.org/,lysa,lambdabot,""
http://www.learnyouahaskell.com/,lyah,lambdabot,""
http://www.leksah.org/,leksah,lambdabot,""
http://www.lix.polytechnique.fr/~dale/lProlog/,lambdaprolog,lambdabot,""
http://www.macs.hw.ac.uk/~sebc/hOp/,hop,lambdabot,""
http://www.madore.org/~david/programs/unlambda/,unlambda,lambdabot,""
http://www.mail-archive.com/haskell-cafe@haskell.org/msg21306.html,perils,lambdabot,""
http://www.math.uchicago.edu/~may/VIGRE/VIGRE2009/Awodey.pdf,awodey,lambdabot,""
http://www.mathbin.net/,mathbin,lambdabot,""
http://www.mathematik.uni-marburg.de/~eden/,eden,lambdabot,"""Eden: Parallel Functional Programming with Haskell""  ... "
http://www.mhs.ox.ac.uk/epact/picturel.asp?record=95&enumber=40428&level=overview&sort=InstrumentTypeWithoutMarkup&searchtext=,astrolabe,lambdabot,""
http://www.mutantlemon.com/omegagb/,omegagb,lambdabot,""
http://www.n-heptane.com/nhlab/repos/NewBinary,newbinary,lambdabot,"darcs get  ... "
http://www.nondot.org/sabre/Mirrored/AdvProgLangDesign/,apld,lambdabot,"""Advanced Programming Language Design"" by Raphael Finkel in 1996 at  ... "
http://www.norvig.com/paip.html,paip,lambdabot,"""Paradigms of Artificial Intelligence Programming: Case Studies in Common Lisp"" by Peter Norvig in 1992 at  ... ,<http://www.norvig.com/paip/README.html>,<https://github.com/norvig/paip-lisp>"
http://www.piepalace.ca/blog/asperger-test-aq-test/,aqtest,lambdabot,""
http://www.plnews.org,plnews,lambdabot,""
http://www.programmersstone.com/,programmers-stone,lambdabot,"""The Programmers Stone"" by Alan Carten,Colston Sanger at ( ... ,)<https://web.archive.org/web/20170726213452/http://the-programmers-stone.com/about>,<http://web.archive.org/web/20000819042340/http://www.reciprocality.org/Reciprocality/r0/index.html>,<https://web.archive.org/web/19980627062945/http://www.melloworld.com/ProgStone/progstone.html>, cf. <http://wiki.c2.com/?ProgrammersStone>"
http://www.prometheus-music.com/audio/eternalflame.mp3,eternalflame,lambdabot,"""The Eternal Flame"" (""God Wrote in LISP Code""), lyrics by Bob Kanefsky, performed by Julia Ecklar, in 1996-07-29 at  ... ,<http://www.songworm.com/lyrics/songworm-parody/EternalFlame.html>,<http://www.songworm.com/db/songworm-parody/EternalFlame.html>,<http://www.prometheus-music.com/roundworm.html>"
http://www.pugscode.org/,pugs,lambdabot,""
http://www.randomhacks.net/articles/2007/03/10/haskell-8-ways-to-report-errors,error,lambdabot,""
http://www.realworldhaskell.org/,realworldhaskell,lambdabot,""
http://www.realworldhaskell.org/blog/,rwh,lambdabot,"http://book.realworldhaskell.org/read/"
http://www.reddit.com/r/programming/comments/7cf4r/monoids_in_my_programming_language/c06adnx,monoids,lambdabot,"comment on ""Monoids? In my programming language?"" by Cale in 2008 (or 2009 ?) at  ... about a use of `instance Monoid a => Monoid (rho -> a)'"
http://www.reddit.com/tb/agkls,hinam,lambdabot,""
http://www.seas.upenn.edu/~cis194/lectures.html,yorgey,lambdabot,""
http://www.serpentine.com/blog/2008/02/06/the-basics-of-applicative-functors-put-to-practical-work/,applicativeparsec,lambdabot,"and http://book.realworldhaskell.org/read/using-parsec.html#id652399"
http://www.serpentine.com/blog/2009/09/29/criterion-a-new-benchmarking-library-for-haskell/,criterion,lambdabot,""
http://www.serpentine.com/software/mysql/,mysql,lambdabot,""
http://www.serpentine.com/software/pcap/,pcap,lambdabot,""
http://www.shirky.com/writings/ontology_overrated.html,ontology,lambdabot,""
http://www.sourceforge.net/projects/qforeign/,qforeign,lambdabot,""
http://www.spoj.pl/,spoj,lambdabot,""
http://www.srcf.ucam.org/~bm380/cgi-bin/stepeval.cgi,stepeval,lambdabot,",<https://github.com/bmillwood/stepeval>"
http://www.stefanwehr.de/darcs/HTF,htf,lambdabot,""
http://www.umut-acar.org/publications/popl2002.pdf,adaptive,lambdabot,"""Adaptive Functional Programming"" by Umut Acar,Blelloch,Harper in 2002 (POPL) at  ... and in 2006 (TOPLAS) at <http://www.umut-acar.org/publications/toplas2006.pdf>"
http://www.uploadthis.co.uk/uploads/Twigathy/timetable.html,twig,lambdabot,""
http://www.vex.net/~trebla/,trebla,lambdabot,""
http://www.vex.net/~trebla/haskell/cabal-cabal.xhtml,cabal-cabal,lambdabot,""
http://www.vex.net/~trebla/haskell/cont-monad.xhtml,setjmp,lambdabot,""
http://www.vex.net/~trebla/haskell/crossroad.xhtml,crossroad,lambdabot,""
http://www.vex.net/~trebla/haskell/haskell-platform.xhtml,haskell-platform.xhtml,lambdabot,""
http://www.vex.net/~trebla/haskell/lazy.xhtml,lazy,lambdabot,"""Lazy Evaluation of Haskell"" by monochrom at  ... ; ""The Incomplete Guide to Lazy Evaluation (in Haskell)"" by apfelmus in 2015-03-07 at <https://apfelmus.nfshost.com/articles/lazy-eval.html>; ""Laziness, strictness, guarded recursion"" by bitemyapp at <https://github.com/bitemyapp/learnhaskell/blob/master/specific_topics.md#user-content-laziness-strictness-guarded-recursion>"
http://www.vex.net/~trebla/haskell/prerequisite.xhtml,prerequisite,lambdabot,"""Prerequisite for Learning Haskell""  ... "
http://www.vex.net/~trebla/haskell/siCp.xhtml,cobol-install,lambdabot,"""Storage and Identification of COBOLized Packages"" at  ... "
http://www.vex.net/~trebla/haskell/sicp.xhtml#remove,uninstall,lambdabot,"Uninstall, what's that ? -- Also see  ... "
http://www.vex.net/~trebla/haskell/sicp.xhtml,sicp-cabal,lambdabot,""
http://www.vex.net/~trebla/weblog/any-all-some.html,any,lambdabot,""
http://www.videolan.org/,vlc,lambdabot,""
http://www.vmware.com/,vmware,lambdabot,""
http://www.willamette.edu/~fruehr/haskell/evolution.html,evolution,lambdabot,""
http://www.xs4all.nl/~weegen/eelis/geordi/,geordi,lambdabot,""
http://www.youtube.com/user/TheCatsters,catsters,lambdabot,""
http://www.youtube.com/watch?v=eLS6GHXWMpA,music1,lambdabot,""
http://www.youtube.com/watch?v=xaoLbKWMwoU,music2,lambdabot,""
http://www2.macs.hw.ac.uk/~rahli/cgi-bin/slicer/,type_error_slicer,lambdabot,"for SML"
http://wxhaskell.sourceforge.net/,wxhaskell,lambdabot,""
http://xmonad.org/,xmonad,lambdabot,"#xmonad |  ... "
http://xmonad.org/xmonad-docs/xmonad-contrib/,xmonad-contrib,lambdabot,""
http://xyproblem.info/,xy,lambdabot,""
http://yesodweb.com/,yesod,lambdabot,"Web Framework - #yesod -  ... ,<http://www.yesodweb.com/page/quickstart>,<http://www.yesodweb.com/book>"
http://zoo.cs.yale.edu/classes/cs490/03-04b/bartholomew.robinson/,wxfruit,lambdabot,""
https://amturing.acm.org/award_winners/backus_0703524.cfm,backus,lambdabot,"""Can Programming Be Liberated from the von Neumann Style?: A Functional Style and Its Algebra of Programs"" (Turing Award lecture) by John Warner Backus in 1977-10-17 at  ... ,<http://www.thocp.net/biographies/papers/backus_turingaward_lecture.pdf>"
https://apfelmus.nfshost.com/blog/2013/08/21-space-invariants.html,spaceleaks,lambdabot,""
https://arxiv.org/pdf/1302.6946.pdf,ski-papers,lambdabot,""
https://bartoszmilewski.com/2014/10/28/category-theory-for-programmers-the-preface/,ctfp,lambdabot,"""Category Theory for Programmers"" by Bartosz Milewski in 2018-10-21 at  ... ,<https://github.com/hmemcpy/milewski-ctfp-pdf>"
https://blogs.msdn.microsoft.com/ralflammel/2008/09/19/strategometatheory/,stratego,lambdabot,",<https://userpages.uni-koblenz.de/~laemmel/isabelle2/>"
https://bpa.st/,paste2,lambdabot,""
https://bugs.archlinux.org/task/54561,arch-ld-bug,lambdabot,""
https://cabal.readthedocs.io,cabal-guide,lambdabot,"Cabal User Guide"
https://cabal.readthedocs.io/en/3.6/cabal-commands.html#cabal-v2-run,cabal-script,lambdabot,"single-file Haskell scripts with cabal"
https://cs.au.dk/~mis/typeinf.p(s|df),polymorphic-type-inference,lambdabot,"""Polymorphic Type Inference"" by Michael I. Schwartzbach in 1995-03 at  ... ,<http://citeseerx.ist.psu.edu/viewdoc/summary?doi=10.1.1.57.1493>"
https://docs.haskellstack.org/en/stable/GUIDE,stack-guide,lambdabot,"Stack User Guide"
https://docs.haskellstack.org/en/stable/GUIDE/#script-interpreter,stack-script,lambdabot,"single-file Haskell scripts with stack"
https://downloads.haskell.org/~ghc/7.4.1/docs/html/libraries/ghc-prim-0.2.0.0/src/GHC-Tuple.html,manuel,lambdabot,""
https://downloads.haskell.org/~ghc/latest/docs/html/users_guide,ghc-guide,lambdabot,""
https://downloads.haskell.org/~ghc/latest/docs/html/users_guide/type-class-extensions.html#functional-dependencies,fundep,lambdabot,""
https://en.wikibooks.org/wiki/Write_Yourself_a_Scheme_in_48_Hours,scheme,lambdabot,""
https://fplab.bitbucket.io/posts.html,fplunch,lambdabot,""
https://ghc.haskell.org/trac/ghc/wiki/Building/CrossCompiling,crosscompilation,lambdabot,""
https://ghc.haskell.org/trac/ghc/wiki/Commentary,commentary,lambdabot,""
https://ghc.haskell.org/trac/ghc/wiki/LanguagePragmaHistory,pragma-history,lambdabot,""
https://gist.github.com/merijn/8152d561fb8b011f9313c48d876ceb07,cabal-stack-disambiguation,lambdabot,"""The Cabal/Stack Disambiguation Guide"" at  ... by Merijn"
https://git-scm.com/book/en,gitbook,lambdabot,""
https://github.com/DanBurton/sexy,sexy,lambdabot,"- a Sexier Prelude (under development)"
https://github.com/bitemyapp/learnhaskell,guide,lambdabot,""
https://github.com/chrisdone/chrisdone-emacs/tree/master/packages/lpaste,lpaste.el,lambdabot,"chrisdone's `lpaste-region' for Emacs at  ... "
https://github.com/chrisdone/hindent/,hindent,lambdabot,""
https://github.com/chrisdone/structured-haskell-mode,shm,lambdabot,""
https://github.com/data61/fp-course,data61,lambdabot,"Data61 Functional Programming Course  ... ,<https://qfpl.io/links/2017-october-fp-course/> by Tony Morris,Mark Hibberd. Also see the channel #qfpl"
https://github.com/ekmett/lens/wiki/FAQ,faq-lens,lambdabot,""
https://github.com/gtache/intellij-lsp/issues/125,ghcide-intellij,lambdabot,""
https://github.com/haskell-learning-group/haskell-learning-group,mentor,lambdabot,""
https://github.com/lambdabot/lambdabot/blob/master/lambdabot/State/source,source,lambdabot,"The fixed database for the `src' lambdabot command is at  ... "
https://github.com/lspitzner/exference,exference,lambdabot,"Djinn on steroids: recursive types, typeclasses, etc.  ... or in #haskell: :exf ""Monad m => m (m a) -> m a"""
https://github.com/nicta/course,nicta,lambdabot,""
https://github.com/paulmillr/happstack-imageboard,imageboard,lambdabot,""
https://github.com/quchen/articles/blob/master/algebraic-blindness.md,algebraic-blindness,lambdabot,""
https://github.com/quchen/articles/blob/master/loeb-moeb.md,loeb,lambdabot,""
https://github.com/quchen/stgi,stgi,lambdabot,""
https://github.com/xmonad/xmonad/issues/174#issuecomment-1118020397,kde,lambdabot,""
https://gitlab.haskell.org/ghc/ghc/-/wikis/commentary/libraries/version-history,boot-libs-versions,lambdabot,""
https://hackage.haskell.org/package/cabal-plan,cabal-plan,lambdabot,""
https://hackage.haskell.org/package/lens-4.15.4/docs/Control-Lens-Plated.html,plated,lambdabot,""
https://hackage.haskell.org/package/recursion-schemes,recursion-schemes,lambdabot,". Also see ""Functional Programming with Bananas, Lenses, and Barbed Wire"" by Erik Meijer,Maarten Fokkinga,Ross Paterson in 1991 at <http://citeseerx.ist.psu.edu/viewdoc/summary?doi=10.1.1.41.125>,`AoP'"
https://hackage.haskell.org/package/syb,syb,lambdabot,",<http://www.haskell.org/haskellwiki/Scrap_your_boilerplate>,<https://www.haskell.org/haskellwiki/Applications_and_libraries/Generic_programming/SyB>,`SYB-papers',<http://research.microsoft.com/en-us/um/people/simonpj/papers/hmap/>,<http://homepages.cwi.nl/~ralf/syb2/>,<http://homepages.cwi.nl/~ralf/syb3/>"
https://haskell-links.org,links,lambdabot,"collected Haskell links and search tools, including @where links"
https://haskell-via-sokoban.nomeata.de,haskell-via-sokoban,lambdabot,""
https://haskell.fpcomplete.com/school,soh,lambdabot,"School of Haskell  ... "
https://homepages.inf.ed.ac.uk/wadler/topics/agda.html,plfa,lambdabot,"""Programming Language Foundations in Agda"" (formal methods book) by Wen Kokke,Philip Wadler in 2018-(01-06) at  ... ,<https://plfa.github.io/>"
https://hoogle.haskell.org,hoogle,lambdabot,""
https://hub.darcs.net/simon/cabal-install-tutorial#when-it-wont-install-cabal-hell,cabal-hell,lambdabot,"[2013]"
https://hub.darcs.net/simon/cabal-install-tutorial,cabal-install-v1-tut,lambdabot,"How to cabal install [2013, cabal v1]"
https://i.imgur.com/5d3ENYQ.gif,mrrogers,lambdabot,""
https://i.pinimg.com/originals/14/f7/1a/14f71aa17a7ab289b3603e2a7272279d.jpg,partialcredit,lambdabot,""
https://ircbrowse.tomsmeding.com,irc-logs,lambdabot,"logs of some haskell IRC channels"
https://joyofhaskell.com,fsaf,lambdabot,"Finding Success And Failure by Julie Moronukie/Chris Martin, 2019, $25 -  ... "
https://kowainik.github.io/posts/deriving,strategic-deriving,lambdabot,"""Strategic Deriving"" by Veronika Romashkina,Dmitrii Kovanikov in 2020-09-21 at  ... "
https://launchpad.net/~gspreemann/+archive/haskell,xmonad-0.9-jaunty,lambdabot,""
https://launchpad.net/~hvr/+archive/ubuntu/ghc,ppa,lambdabot,""
https://leanpub.com/functional-design-and-architecture,fdaa,lambdabot,"Functional Design and Architecture,  ... "
https://leanpub.com/haskell-cookbook,htac,lambdabot,"""Haskell Tutorial and Cookbook"" by Mark Watson in 2017-09-04 at  ... "
https://leanpub.com/thinking-with-types,twt,lambdabot,"""Thinking with Types: Type-Level Programming in Haskell"" by Sandy Maguire in 2019-01-10 at  ... "
https://lexi-lambda.github.io/blog/2019/11/05/parse-don-t-validate/,pdv,lambdabot,"""Parse, don't validate"" by lexi-lambda in 2019-11-05 at  ... "
https://limnoria.net,goodbot,lambdabot,"Among sm[m]'s favourites:  ... "
https://mail.haskell.org/pipermail/libraries/2012-February/017548.html,fairbairn,lambdabot,""
https://neilmitchell.blogspot.se/2014/07/applicative-vs-monadic-build-systems.html,applicative-vs-monadic,lambdabot,"""Applicative vs Monadic build systems"" by ndm in 2014-07-23 at  ... . (cf. ""static sequencing"" vs. ""dynamic sequencing"")"
https://nicolaspouillard.fr/publis/nameless-painless.pdf,nameless,lambdabot,"Nameless, Painless:  ... "
https://oeis.org/,oeis,lambdabot,""
https://page.mi.fu-berlin.de/scravy/realworldhaskell/materialien/monad-transformers-step-by-step.pdf,mtss,lambdabot,"""Monad Transformers Step by Step"" by Martin Grabmüller in 2006-10-16 (draft) at  ... "
https://paste.tomsmeding.com,paste,lambdabot,"Help us help you: please paste full code, input and/or output at e.g.  ... "
https://paste.tomsmeding.com/,paste3,lambdabot,"tomsmeding's proof that programming > discussing:  ... "
https://patrickmn.com/software/the-haskell-pyramid/,haskell-pyramid,lambdabot,""
https://personal.cis.strath.ac.uk/conor.mcbride/pub/OAAO/LitOrn.pdf,oaao,lambdabot,""
https://phabricator.haskell.org/w/projects/haskell.org_infrastructure/server_admin_log/,adminlog,lambdabot,""
https://pvp.haskell.org/,pvp,lambdabot,""
https://rainbyte.net.ar/posts/200828-01-haskell-0-to-io.html,zerotohero,lambdabot,"Jargon-free language intro:  ... "
https://raw.githubusercontent.com/mxswd/flip-plus/master/Control/FlipPlus.hs,flip-plus,lambdabot,""
https://ro-che.info/ccc/17,type-intersection,lambdabot,"Euler diagram of intersections between ""Proponents of static typing"",""Propoents of dynamic typing"",""People familiar with type theory"" by Roman Cheplyaka,Maria Kovalyovain 2012-11-05 at  ... "
https://silicon.int-e.eu/lambdabot/State/,state,lambdabot,""
https://silicon.int-e.eu/lambdabot/State/Pristine.hs,l.hs,lambdabot,"what lambdabot has in scope is at  ... "
https://stackage.org/lts,stackage-lts,lambdabot,"current stable Stackage snapshot of packages, using a not-too-cutting-edge GHC"
https://stackage.org/nightly,stackage-nightly,lambdabot,"latest nightly Stackage snapshot of packages, using a semi-recent GHC"
https://status.haskell.org,status,lambdabot,",<http://auto-status.haskell.org/>,<https://twitter.com/haskellstatus>"
https://typeclasses.com/phrasebook,thp,lambdabot,"The Haskell Phrasebook - free quick-start guide by Julie Moronukie/Chris Martin, 2019 -  ... "
https://ucsd-progsys.github.io/liquidhaskell-blog/,liquidhaskell,lambdabot,"""LiquidHaskell (LH) _refines_ Haskell's types with logical predicates that let you enforce critical properties at _compile time_.""  ... ,<https://github.com/ucsd-progsys/liquidhaskell>,<http://hackage.haskell.org/package/liquidhaskell>"
https://view.matrix.org/?query=haskell,matrix-logs,lambdabot,"logs of matrix rooms matching ""haskell"" with public history"
https://view.matrix.org/alias/%23haskell:matrix.org,matrix-logs-haskell,lambdabot,"log of the main haskell matrix chat room, #haskell:matrix.org"
https://web.archive.org/web/20010620042352/http://www.guild.uwa.edu.au/users/greg/,zen-tales,lambdabot,"""Tales of Zen Master Greg"" (in 2001 ??) at  ... "
https://wiki.haskell.org/Applications_and_libraries/Generic_programming/Strafunski,strafunski,lambdabot,""
https://wiki.haskell.org/Base_package,ghc-base,lambdabot,""
https://wiki.haskell.org/Haskell_Communities_and_Activities_Report,hcar,lambdabot,""
https://wiki.haskell.org/Import,import,lambdabot,""
https://wiki.haskell.org/Learning_Haskell,learn,lambdabot,""
https://wiki.haskell.org/Monomorphism_restriction,mmr,lambdabot,""
https://wiki.haskell.org/ScopedTypeVariables,scopedtypevariables,lambdabot,"(remember to add ""forall"")"
https://wiki.haskell.org/Template_Haskell,templatehaskell,lambdabot,""
https://wiki.haskell.org/Time,time,lambdabot,""
https://www.cis.upenn.edu/~bcpierce/attapl/,attapl,lambdabot,"""Advanced Topics in Types and Programming Languages"" edited by Benjamin C. Pierce in 2004-12-23 at  ... "
https://www.cis.upenn.edu/~bcpierce/tapl/,tapl,lambdabot,"""Types and Programming Languages"" by Benjamin C. Pierce in 2002-02-01 at  ... "
https://www.cs.indiana.edu/eopl/,eopl,lambdabot,"Essentials of Programming Languages by Friedman, Wand and Haynes in 2001  ... "
https://www.cs.indiana.edu/~sabry/papers/purelyFunctional.ps,purely-functional,lambdabot,"""What is a Purely Functional Language?"" by Amr Sabry in 1993-01 at  ... "
https://www.cs.ox.ac.uk/news/237-full.html,pfad,lambdabot,"""Pearls of Functional Algorithm Design"" by Richard Bird in in 2010-09 at  ... "
https://www.cs.ox.ac.uk/publications/books/algebra/,aop,lambdabot,"""Algebra of Programming"" by Richard Bird,Oege de Moor in 1996 at  ... ,<http://lambda-the-ultimate.org/node/1117>,<http://wiki.c2.com/?AlgebraOfProgramming>,<https://www.goodreads.com/book/show/2727190-algebra-of-programming>,&c."
https://www.cs.ox.ac.uk/publications/books/fop/,fop,lambdabot,"""The Fun of Programming"" edited by Jeremy Gibbons,Oege de Moor in 2003-03-27 at  ... "
https://www.cs.uoregon.edu/research/summerschool/summer10/curriculum.html,oplss2010,lambdabot,""
https://www.cs.uoregon.edu/research/summerschool/summer11/curriculum.html,oplss2011,lambdabot,""
https://www.cs.uoregon.edu/research/summerschool/summer12/curriculum.html,oplss2012,lambdabot,""
https://www.cs.uoregon.edu/research/summerschool/summer13/curriculum.html,oplss2013,lambdabot,""
https://www.cs.uoregon.edu/research/summerschool/summer14/curriculum.html,oplss2014,lambdabot,""
https://www.cs.uoregon.edu/research/summerschool/summerYEAR/curriculum.html),oplss,lambdabot,"you can find original OPLSS videos here ( ... by replacing YEAR with a two-digit year (starting with 05). you can also find many videos on youtube. years 2010 to 2014 are also stored in @where (eg @where oplss2012)."
https://www.destroyallsoftware.com/talks/wat,wat,lambdabot,""
https://www.extrema.is/articles/haskell-books,books,lambdabot,"http://www.vex.net/~trebla/haskell/learn-sources.html, see also @where LYAH, RWH, YAHT, HFTVB, SOE, HR, PIH, TFwH, wikibook, PCPH, HPFFP, HTAC, TwT, FoP, PFAD, WYAH, non-haskell-books"
https://www.extrema.is/articles/haskell-books/haskell-from-the-very-beginning,hftvb,lambdabot,""
https://www.fpcomplete.com/haskell/get-started,stack,lambdabot,"All-in-one haskell installer/reproducible build tool for all platforms:  ... "
https://www.haskell.org/documentation,doc,lambdabot,"Doc starting points:  ... https://www.fpcomplete.com/haskell/learn https://wiki.haskell.org https://en.wikibooks.org/wiki/Haskell"
https://www.haskell.org/documentation/,docs,lambdabot,""
https://www.haskell.org/ghcup,ghcup,lambdabot,"GHC/cabal installer for unix platforms:  ... "
https://www.haskell.org/haskellwiki/Multiplate,multiplate,lambdabot,",<https://hackage.haskell.org/package/multiplate>"
https://www.haskell.org/haskellwiki/Research_papers/Generics,generics,lambdabot,"`SYB',`Compos',`uniplate',`multiplate',`Plated',`Stratego',`Strafunski',`recursion-schemes',`polytypic',`GenericHaskell', ... ,<https://www.haskell.org/haskellwiki/Applications_and_libraries/Generic_programming>"
https://www.haskell.org/haskellwiki/Uniplate,uniplate,lambdabot,",<https://hackage.haskell.org/package/uniplate>,<http://community.haskell.org/~ndm/uniplate/>,<http://community.haskell.org/~ndm/darcs/uniplate/uniplate.htm>,<https://github.com/ndmitchell/uniplate>,<https://ndmitchell.com/#uniplate_09_oct_2013>,<http://www-users.cs.york.ac.uk/~ndm/uniplate/>"
https://www.haskell.org/onlinereport/haskell2010/haskellch4.html#x10-790004.3.4,defaulting,lambdabot,"https://downloads.haskell.org/~ghc/latest/docs/html/users_guide/interactive-evaluation.html#extended-default-rules"
https://www.haskell.org/onlinereport/haskell2010/haskellch5.html#x11-1000005.2,export,lambdabot,""
https://www.microsoft.com/en-us/research/publication/scrap-your-boilerplate-a-practical-approach-to-generic-programming/,syb-papers,lambdabot,",<https://www.microsoft.com/en-us/research/publication/scrap-your-boilerplate-with-class/>,<http://www.sigplan.org/Awards/ICFP/#2014_Ralf_L%C3%A4mmel_and_Simon_Peyton_Jones>"
https://www.reddit.com/r/haskell/comments/dwkehu/thoughts_on_hie/f7nj2e1/,ghcide-emacs,lambdabot,""
https://www.reddit.com/r/haskell/comments/egc8d0/a_few_haskell_highlights_of_2019/fcjr4tv/,cabal-and-stack,lambdabot,""
https://www.reddit.com/r/haskell/comments/use5bt/what_are_the_rationales_of_the_functor,symbols-explain,lambdabot,"What are the rationales of the functor, applicative, monad operator symbols ?"
https://www.safaribooksonline.com/library/view/parallel-and-concurrent/9781449335939/,parconc,lambdabot,""
https://www.seas.upenn.edu/~cis194/spring13/lectures.html,cis194,lambdabot,""
https://www.tweag.io/blog/2022-05-12-strict-vs-lazy,strict-vs-lazy,lambdabot,"Comparing Strict and Lazy"
https://www.vex.net/~trebla/haskell/IO.xhtml,iotut,lambdabot,""
https://www.well-typed.com/blog/2014/10/quasi-quoting-dsls/,ski-links,lambdabot,",<http://www.medellin.unal.edu.co/~curmat/matdiscretas/doc/Epp.pdf>"
https://www.youtube.com/watch?v=sRonIB8ZStw,stack-tutorial,lambdabot,""
https://www.youtube.com/watch?v=zPY42kkRADc,hnan_agda,lambdabot,"""Hönan Agda"" (""Agda the Chicken"") by singer-songwriter,poet Cornelis Vreeswijk at  ... "
https://xtendo.org/monad#1,monad-fear,lambdabot,"excellent slides demystifying IO and Monad"
